,Date,Time,Comp,Round,Day,Venue,Result,GF,GA,Opponent,xG_x,xGA,Poss,Attendance,Captain,Formation,Referee,Match Report,Notes,Sh,SoT,Dist,G-xG,PK,xG_y,Cmp,Cmp,Cmp,Cmp,KP,1/3,PPA,Prog,Def Pen,Att Pen,Succ%,CrdY,CrdR,Fls,Fld,Off,TklW_x,Recov,TklW_y,Press,Succ,Int,Clr,Err,Team
0,2022-08-05,20:00,Premier League,Matchweek 1,Fri,Away,W,2.0,0.0,Crystal Palace,1.0,0.9,43.0,25286.0,Martin Ødegaard,4-2-3-1,Anthony Taylor,Match Report,,10.0,2.0,15.0,0.0,0,1.0,378.0,163.0,154.0,58.0,6.0,22.0,10.0,35.0,80.0,31.0,73.3,2,0,12.0,19.0,2.0,17.0,86.0,17.0,158.0,55.0,17.0,20.0,0.0,Arsenal
1,2022-08-13,15:00,Premier League,Matchweek 2,Sat,Home,W,4.0,2.0,Leicester City,2.6,0.6,51.0,60033.0,Martin Ødegaard,4-2-3-1,Darren England,Match Report,,19.0,7.0,12.6,1.4,0,2.6,407.0,188.0,155.0,47.0,15.0,28.0,8.0,34.0,29.0,39.0,71.4,1,0,16.0,10.0,2.0,5.0,80.0,5.0,101.0,30.0,14.0,13.0,0.0,Arsenal
2,2022-08-20,17:30,Premier League,Matchweek 3,Sat,Away,W,3.0,0.0,Bournemouth,1.8,0.3,59.0,10423.0,Martin Ødegaard,4-2-3-1,Craig Pawson,Match Report,,14.0,6.0,14.6,1.2,0,1.8,539.0,233.0,226.0,70.0,8.0,29.0,11.0,30.0,56.0,26.0,59.1,1,0,11.0,13.0,3.0,13.0,99.0,13.0,100.0,37.0,17.0,18.0,1.0,Arsenal
3,2022-08-27,17:30,Premier League,Matchweek 4,Sat,Home,W,2.0,1.0,Fulham,2.4,1.1,71.0,60164.0,Martin Ødegaard,4-2-3-1,Jarred Gillett,Match Report,,23.0,8.0,16.6,-0.4,0,2.4,533.0,209.0,234.0,82.0,14.0,37.0,19.0,58.0,49.0,52.0,80.0,2,0,6.0,13.0,1.0,12.0,92.0,12.0,77.0,36.0,15.0,8.0,1.0,Arsenal
4,2022-08-31,19:30,Premier League,Matchweek 5,Wed,Home,W,2.0,1.0,Aston Villa,2.7,0.2,59.0,60012.0,Martin Ødegaard,4-2-3-1,Robert Jones,Match Report,,22.0,8.0,15.3,-0.7,0,2.7,449.0,182.0,191.0,67.0,15.0,33.0,15.0,45.0,42.0,44.0,64.7,2,0,12.0,19.0,1.0,10.0,93.0,10.0,103.0,34.0,14.0,19.0,0.0,Arsenal
5,2022-09-04,16:30,Premier League,Matchweek 6,Sun,Away,L,1.0,3.0,Manchester Utd,1.3,1.8,60.0,73431.0,Martin Ødegaard,4-2-3-1,Paul Tierney,Match Report,,16.0,3.0,18.5,-0.3,0,1.3,411.0,172.0,176.0,57.0,12.0,26.0,14.0,47.0,54.0,41.0,47.1,3,0,11.0,20.0,0.0,7.0,84.0,7.0,89.0,29.0,12.0,8.0,0.0,Arsenal
7,2022-09-18,12:00,Premier League,Matchweek 8,Sun,Away,W,3.0,0.0,Brentford,1.0,0.5,64.0,17122.0,Granit Xhaka,4-2-3-1,David Coote,Match Report,,13.0,7.0,17.1,2.0,0,1.0,523.0,250.0,232.0,37.0,12.0,42.0,8.0,36.0,52.0,21.0,66.7,2,0,11.0,10.0,1.0,11.0,95.0,11.0,100.0,31.0,16.0,22.0,0.0,Arsenal
8,2022-10-01,12:30,Premier League,Matchweek 9,Sat,Home,W,3.0,1.0,Tottenham,2.6,1.5,65.0,60278.0,Martin Ødegaard,4-2-3-1,Anthony Taylor,Match Report,,22.0,9.0,17.7,0.4,0,2.6,547.0,235.0,246.0,53.0,18.0,47.0,18.0,42.0,40.0,44.0,73.3,2,0,12.0,12.0,1.0,9.0,83.0,9.0,77.0,28.0,7.0,12.0,0.0,Arsenal
10,2022-10-09,16:30,Premier League,Matchweek 10,Sun,Home,W,3.0,2.0,Liverpool,2.6,0.8,43.0,60059.0,Martin Ødegaard,4-2-3-1,Michael Oliver,Match Report,,10.0,6.0,13.8,0.4,1,2.6,322.0,139.0,131.0,47.0,4.0,32.0,11.0,32.0,53.0,41.0,80.0,1,0,13.0,11.0,3.0,11.0,82.0,11.0,140.0,35.0,12.0,24.0,0.0,Arsenal
12,2022-10-16,14:00,Premier League,Matchweek 11,Sun,Away,W,1.0,0.0,Leeds United,0.5,2.2,53.0,36700.0,Martin Ødegaard,4-2-3-1,Chris Kavanagh,Match Report,,9.0,4.0,16.0,0.5,0,0.5,436.0,165.0,187.0,72.0,7.0,18.0,2.0,25.0,95.0,19.0,47.4,2,0,13.0,11.0,0.0,8.0,93.0,8.0,104.0,35.0,8.0,23.0,1.0,Arsenal
1,2022-08-07,16:30,Premier League,Matchweek 1,Sun,Away,W,2.0,0.0,West Ham,2.3,0.4,75.0,62443.0,İlkay Gündoğan,4-3-3,Michael Oliver,Match Report,,13.0,1.0,18.2,-0.3,1,2.3,793.0,381.0,326.0,76.0,12.0,46.0,10.0,51.0,63.0,32.0,57.9,1,0,5.0,10.0,1.0,4.0,68.0,4.0,71.0,24.0,6.0,12.0,0.0,Manchester City
2,2022-08-13,15:00,Premier League,Matchweek 2,Sat,Home,W,4.0,0.0,Bournemouth,1.6,0.1,67.0,53453.0,İlkay Gündoğan,4-3-3,David Coote,Match Report,,20.0,7.0,15.6,1.4,0,1.6,667.0,254.0,307.0,92.0,17.0,80.0,15.0,38.0,23.0,38.0,69.2,0,0,10.0,11.0,2.0,6.0,64.0,6.0,93.0,29.0,9.0,12.0,0.0,Manchester City
3,2022-08-21,16:30,Premier League,Matchweek 3,Sun,Away,D,3.0,3.0,Newcastle Utd,2.7,1.8,69.0,52258.0,İlkay Gündoğan,4-3-3,Jarred Gillett,Match Report,,22.0,10.0,15.1,0.3,0,2.7,547.0,206.0,260.0,78.0,16.0,42.0,10.0,47.0,66.0,39.0,71.4,2,0,8.0,14.0,1.0,11.0,84.0,11.0,85.0,34.0,15.0,17.0,0.0,Manchester City
4,2022-08-27,15:00,Premier League,Matchweek 4,Sat,Home,W,4.0,2.0,Crystal Palace,2.5,0.1,75.0,53112.0,Kevin De Bruyne,4-2-3-1,Darren England,Match Report,,18.0,5.0,13.1,1.5,0,2.5,734.0,282.0,341.0,103.0,15.0,77.0,22.0,57.0,36.0,49.0,60.0,1,0,14.0,12.0,2.0,7.0,81.0,7.0,94.0,36.0,6.0,5.0,0.0,Manchester City
5,2022-08-31,19:30,Premier League,Matchweek 5,Wed,Home,W,6.0,0.0,Nott'ham Forest,3.7,0.4,74.0,53409.0,İlkay Gündoğan,4-4-2,Paul Tierney,Match Report,,17.0,9.0,14.1,2.3,0,3.7,740.0,273.0,356.0,106.0,12.0,57.0,13.0,47.0,37.0,37.0,46.2,0,0,9.0,6.0,2.0,10.0,80.0,10.0,78.0,26.0,4.0,8.0,0.0,Manchester City
6,2022-09-03,17:30,Premier League,Matchweek 6,Sat,Away,D,1.0,1.0,Aston Villa,1.4,0.2,71.0,41830.0,İlkay Gündoğan,4-3-3,Simon Hooper,Match Report,,13.0,4.0,15.7,-0.4,0,1.4,686.0,233.0,352.0,98.0,10.0,44.0,13.0,43.0,55.0,38.0,62.5,0,0,6.0,10.0,3.0,7.0,92.0,7.0,92.0,33.0,6.0,10.0,0.0,Manchester City
9,2022-09-17,12:30,Premier League,Matchweek 8,Sat,Away,W,3.0,0.0,Wolves,1.4,0.5,59.0,31578.0,Kevin De Bruyne,4-3-3,Anthony Taylor,Match Report,,15.0,7.0,18.8,1.6,0,1.4,587.0,241.0,272.0,66.0,12.0,42.0,9.0,39.0,57.0,27.0,72.2,1,0,14.0,12.0,1.0,11.0,59.0,11.0,158.0,37.0,13.0,14.0,0.0,Manchester City
10,2022-10-02,14:00,Premier League,Matchweek 9,Sun,Home,W,6.0,3.0,Manchester Utd,2.9,1.5,54.0,53475.0,İlkay Gündoğan,4-3-3,Michael Oliver,Match Report,,22.0,9.0,13.5,3.1,0,2.9,494.0,155.0,244.0,86.0,15.0,17.0,15.0,36.0,92.0,44.0,81.3,0,0,4.0,12.0,1.0,6.0,60.0,6.0,105.0,25.0,17.0,5.0,0.0,Manchester City
12,2022-10-08,15:00,Premier League,Matchweek 10,Sat,Home,W,4.0,0.0,Southampton,2.4,0.1,65.0,53365.0,Kevin De Bruyne,4-3-3,Andy Madley,Match Report,,21.0,8.0,14.0,1.6,0,2.4,682.0,262.0,320.0,89.0,14.0,42.0,13.0,46.0,63.0,52.0,40.0,0,0,5.0,10.0,1.0,12.0,92.0,12.0,98.0,42.0,9.0,9.0,0.0,Manchester City
14,2022-10-16,16:30,Premier League,Matchweek 11,Sun,Away,L,0.0,1.0,Liverpool,1.0,2.0,63.0,53286.0,İlkay Gündoğan,3-4-3,Anthony Taylor,Match Report,,16.0,6.0,17.3,-1.0,0,1.0,631.0,228.0,314.0,79.0,13.0,45.0,19.0,53.0,94.0,39.0,58.8,1,0,12.0,10.0,0.0,10.0,100.0,10.0,102.0,32.0,7.0,17.0,1.0,Manchester City
0,2022-08-06,15:00,Premier League,Matchweek 1,Sat,Home,W,4.0,1.0,Southampton,1.5,0.5,58.0,61732.0,Hugo Lloris,3-4-3,Andre Marriner,Match Report,,18.0,7.0,15.8,1.5,0,1.5,497.0,195.0,206.0,86.0,15.0,39.0,13.0,37.0,69.0,34.0,60.0,3,0,12.0,10.0,2.0,16.0,76.0,16.0,144.0,43.0,15.0,28.0,1.0,Tottenham Hotspur
1,2022-08-14,16:30,Premier League,Matchweek 2,Sun,Away,D,2.0,2.0,Chelsea,1.1,1.4,35.0,39946.0,Hugo Lloris,3-4-3,Anthony Taylor,Match Report,,10.0,5.0,12.6,0.9,0,1.1,277.0,91.0,123.0,55.0,9.0,16.0,3.0,19.0,110.0,19.0,33.3,0,0,14.0,8.0,1.0,10.0,59.0,10.0,140.0,27.0,22.0,41.0,0.0,Tottenham Hotspur
2,2022-08-20,12:30,Premier League,Matchweek 3,Sat,Home,W,1.0,0.0,Wolves,1.5,0.8,51.0,61298.0,Hugo Lloris,3-4-3,Simon Hooper,Match Report,,11.0,5.0,11.0,-0.5,0,1.5,432.0,162.0,199.0,68.0,9.0,28.0,10.0,38.0,71.0,29.0,70.0,2,0,10.0,9.0,2.0,9.0,66.0,9.0,150.0,30.0,15.0,19.0,0.0,Tottenham Hotspur
3,2022-08-28,16:30,Premier League,Matchweek 4,Sun,Away,W,2.0,0.0,Nott'ham Forest,2.7,1.0,45.0,29296.0,Hugo Lloris,3-4-3,Craig Pawson,Match Report,,18.0,4.0,19.0,-0.7,0,2.7,388.0,145.0,185.0,54.0,13.0,19.0,5.0,18.0,107.0,25.0,46.2,1,0,15.0,10.0,3.0,6.0,93.0,6.0,146.0,39.0,23.0,26.0,0.0,Tottenham Hotspur
4,2022-08-31,19:45,Premier League,Matchweek 5,Wed,Away,D,1.0,1.0,West Ham,0.7,1.1,62.0,62450.0,Hugo Lloris,3-4-3,Peter Bankes,Match Report,,13.0,4.0,16.2,-0.7,0,0.7,584.0,245.0,261.0,63.0,9.0,24.0,8.0,32.0,107.0,24.0,50.0,5,0,11.0,8.0,0.0,6.0,70.0,6.0,92.0,21.0,4.0,19.0,0.0,Tottenham Hotspur
5,2022-09-03,15:00,Premier League,Matchweek 6,Sat,Home,W,2.0,1.0,Fulham,2.5,0.6,52.0,61641.0,Hugo Lloris,3-4-3,Stuart Attwell,Match Report,,23.0,10.0,15.6,-0.5,0,2.5,441.0,198.0,165.0,64.0,13.0,33.0,17.0,48.0,81.0,38.0,56.3,3,0,12.0,7.0,3.0,8.0,70.0,8.0,116.0,34.0,12.0,26.0,0.0,Tottenham Hotspur
8,2022-09-17,17:30,Premier League,Matchweek 8,Sat,Home,W,6.0,2.0,Leicester City,1.7,1.7,44.0,61450.0,Hugo Lloris,3-4-3,Simon Hooper,Match Report,,16.0,10.0,15.8,4.3,0,1.7,401.0,163.0,165.0,66.0,11.0,21.0,6.0,29.0,86.0,26.0,55.0,1,0,10.0,8.0,1.0,10.0,66.0,10.0,103.0,30.0,22.0,12.0,0.0,Tottenham Hotspur
9,2022-10-01,12:30,Premier League,Matchweek 9,Sat,Away,L,1.0,3.0,Arsenal,1.5,2.6,35.0,60278.0,Hugo Lloris,3-4-3,Anthony Taylor,Match Report,,6.0,2.0,18.8,-0.5,1,1.5,254.0,104.0,108.0,42.0,5.0,12.0,3.0,20.0,96.0,17.0,57.1,1,1,11.0,12.0,3.0,13.0,46.0,13.0,151.0,39.0,12.0,24.0,3.0,Tottenham Hotspur
11,2022-10-08,17:30,Premier League,Matchweek 10,Sat,Away,W,1.0,0.0,Brighton,0.7,0.6,41.0,31498.0,Hugo Lloris,3-5-2,Tony Harrington,Match Report,,8.0,3.0,18.1,0.3,0,0.7,425.0,177.0,183.0,59.0,6.0,20.0,5.0,31.0,83.0,16.0,46.7,2,0,14.0,12.0,2.0,7.0,92.0,7.0,139.0,40.0,11.0,24.0,0.0,Tottenham Hotspur
13,2022-10-15,17:30,Premier League,Matchweek 11,Sat,Home,W,2.0,0.0,Everton,2.1,0.5,61.0,61812.0,Hugo Lloris,3-4-3,Paul Tierney,Match Report,,20.0,6.0,16.3,-0.1,1,2.1,545.0,179.0,256.0,108.0,16.0,46.0,15.0,44.0,40.0,32.0,60.0,1,0,13.0,14.0,0.0,5.0,75.0,5.0,70.0,20.0,6.0,11.0,0.0,Tottenham Hotspur
14,2022-10-19,20:15,Premier League,Matchweek 12,Wed,Away,L,0.0,2.0,Manchester Utd,0.6,1.7,48.0,73677.0,Hugo Lloris,3-5-2,Simon Hooper,Match Report,,9.0,2.0,13.9,-0.6,0,0.6,477.0,198.0,219.0,56.0,9.0,32.0,7.0,32.0,94.0,20.0,50.0,0,0,11.0,9.0,0.0,7.0,82.0,7.0,127.0,36.0,22.0,8.0,0.0,Tottenham Hotspur
0,2022-08-06,17:30,Premier League,Matchweek 1,Sat,Away,W,1.0,0.0,Everton,1.6,0.5,62.0,39254.0,César Azpilicueta,3-4-3,Craig Pawson,Match Report,,14.0,5.0,16.2,-0.6,1,1.6,514.0,219.0,229.0,47.0,10.0,44.0,8.0,47.0,69.0,29.0,76.5,2,0,13.0,15.0,2.0,15.0,85.0,15.0,130.0,38.0,9.0,21.0,0.0,Chelsea
1,2022-08-14,16:30,Premier League,Matchweek 2,Sun,Home,D,2.0,2.0,Tottenham,1.4,1.1,65.0,39946.0,Jorginho,3-4-3,Anthony Taylor,Match Report,,16.0,3.0,16.7,0.6,0,1.4,523.0,231.0,205.0,72.0,11.0,46.0,13.0,37.0,46.0,39.0,44.4,3,0,9.0,14.0,2.0,20.0,98.0,20.0,116.0,50.0,8.0,9.0,0.0,Chelsea
2,2022-08-21,14:00,Premier League,Matchweek 3,Sun,Away,L,0.0,3.0,Leeds United,0.7,1.9,61.0,36372.0,Jorginho,3-4-3,Stuart Attwell,Match Report,,14.0,3.0,18.8,-0.7,0,0.7,444.0,171.0,192.0,74.0,12.0,31.0,11.0,32.0,54.0,34.0,45.8,3,1,13.0,18.0,7.0,8.0,81.0,8.0,132.0,39.0,21.0,15.0,1.0,Chelsea
3,2022-08-27,15:00,Premier League,Matchweek 4,Sat,Home,W,2.0,1.0,Leicester City,1.9,1.7,46.0,39953.0,Jorginho,4-4-2,Paul Tierney,Match Report,,7.0,3.0,13.7,0.1,0,1.9,389.0,156.0,155.0,69.0,5.0,32.0,4.0,38.0,76.0,13.0,33.3,3,1,10.0,8.0,3.0,11.0,68.0,11.0,130.0,44.0,10.0,28.0,0.0,Chelsea
4,2022-08-30,19:45,Premier League,Matchweek 5,Tue,Away,L,1.0,2.0,Southampton,1.2,0.8,66.0,31542.0,César Azpilicueta,4-2-2-2,Michael Oliver,Match Report,,10.0,4.0,13.8,-0.2,0,1.2,491.0,195.0,216.0,74.0,7.0,49.0,11.0,43.0,72.0,32.0,35.7,1,0,10.0,19.0,3.0,10.0,105.0,10.0,118.0,34.0,17.0,41.0,0.0,Chelsea
5,2022-09-03,15:00,Premier League,Matchweek 6,Sat,Home,W,2.0,1.0,West Ham,0.8,0.8,68.0,39923.0,Thiago Silva,3-5-2,Andy Madley,Match Report,,8.0,3.0,16.3,1.2,0,0.8,588.0,232.0,288.0,66.0,6.0,53.0,7.0,46.0,39.0,19.0,62.5,4,0,8.0,13.0,1.0,12.0,97.0,12.0,118.0,45.0,7.0,11.0,1.0,Chelsea
8,2022-10-01,15:00,Premier League,Matchweek 9,Sat,Away,W,2.0,1.0,Crystal Palace,1.4,0.7,64.0,25198.0,Jorginho,4-2-3-1,Chris Kavanagh,Match Report,,13.0,3.0,14.0,0.6,0,1.4,582.0,230.0,269.0,71.0,10.0,50.0,13.0,42.0,42.0,33.0,53.3,3,0,20.0,12.0,0.0,9.0,61.0,9.0,138.0,36.0,14.0,19.0,0.0,Chelsea
10,2022-10-08,15:00,Premier League,Matchweek 10,Sat,Home,W,3.0,0.0,Wolves,2.1,1.0,57.0,39940.0,César Azpilicueta,4-2-3-1,Simon Hooper,Match Report,,20.0,7.0,14.4,0.9,0,2.1,539.0,238.0,239.0,51.0,18.0,39.0,19.0,54.0,60.0,48.0,63.6,2,0,12.0,10.0,3.0,18.0,67.0,18.0,198.0,59.0,14.0,15.0,0.0,Chelsea
12,2022-10-16,14:00,Premier League,Matchweek 11,Sun,Away,W,2.0,0.0,Aston Villa,1.0,1.7,59.0,41754.0,Thiago Silva,3-4-3,Robert Jones,Match Report,,8.0,4.0,16.3,1.0,0,1.0,485.0,193.0,233.0,47.0,6.0,19.0,4.0,23.0,86.0,12.0,60.0,3,0,16.0,16.0,1.0,12.0,67.0,12.0,125.0,43.0,19.0,23.0,1.0,Chelsea
13,2022-10-19,19:30,Premier League,Matchweek 12,Wed,Away,D,0.0,0.0,Brentford,0.7,1.0,66.0,,César Azpilicueta,3-4-3,Jarred Gillett,Match Report,,14.0,5.0,20.8,-0.7,0,0.7,590.0,284.0,233.0,61.0,13.0,42.0,18.0,40.0,70.0,37.0,69.2,0,0,7.0,9.0,0.0,10.0,101.0,10.0,104.0,38.0,5.0,36.0,0.0,Chelsea
0,2022-08-07,14:00,Premier League,Matchweek 1,Sun,Home,L,1.0,2.0,Brighton,1.7,1.6,63.0,73711.0,Harry Maguire,4-3-3,Paul Tierney,Match Report,,17.0,5.0,15.5,-1.7,0,1.7,469.0,183.0,200.0,67.0,14.0,46.0,14.0,45.0,60.0,34.0,66.7,4,0,8.0,14.0,3.0,6.0,97.0,6.0,123.0,36.0,13.0,11.0,1.0,Manchester United
1,2022-08-13,17:30,Premier League,Matchweek 2,Sat,Away,L,0.0,4.0,Brentford,0.8,1.8,67.0,17051.0,Harry Maguire,4-2-3-1,Stuart Attwell,Match Report,,15.0,4.0,19.4,-0.8,0,0.8,472.0,218.0,180.0,65.0,12.0,36.0,10.0,36.0,56.0,23.0,77.8,4,0,16.0,8.0,2.0,11.0,82.0,11.0,93.0,28.0,8.0,25.0,1.0,Manchester United
2,2022-08-22,20:00,Premier League,Matchweek 3,Mon,Home,W,2.0,1.0,Liverpool,1.7,1.5,30.0,74147.0,Bruno Fernandes,4-2-3-1,Michael Oliver,Match Report,,13.0,5.0,19.6,0.3,0,1.7,194.0,89.0,74.0,26.0,8.0,16.0,5.0,22.0,86.0,21.0,57.9,3,0,11.0,7.0,2.0,14.0,76.0,14.0,110.0,37.0,15.0,43.0,0.0,Manchester United
3,2022-08-27,12:30,Premier League,Matchweek 4,Sat,Away,W,1.0,0.0,Southampton,1.1,1.6,51.0,31196.0,Bruno Fernandes,4-2-3-1,Andy Madley,Match Report,,11.0,4.0,15.2,-0.1,0,1.1,331.0,122.0,151.0,48.0,7.0,21.0,8.0,32.0,83.0,24.0,71.4,3,0,16.0,4.0,1.0,4.0,90.0,4.0,111.0,31.0,15.0,40.0,0.0,Manchester United
4,2022-09-01,20:00,Premier League,Matchweek 5,Thu,Away,W,1.0,0.0,Leicester City,1.1,0.6,47.0,32226.0,Bruno Fernandes,4-2-3-1,Craig Pawson,Match Report,,9.0,2.0,16.6,-0.1,0,1.1,432.0,192.0,171.0,53.0,8.0,36.0,4.0,37.0,65.0,25.0,50.0,3,0,15.0,7.0,2.0,7.0,109.0,7.0,132.0,37.0,16.0,10.0,0.0,Manchester United
5,2022-09-04,16:30,Premier League,Matchweek 6,Sun,Home,W,3.0,1.0,Arsenal,1.8,1.3,40.0,73431.0,Bruno Fernandes,4-2-3-1,Paul Tierney,Match Report,,10.0,6.0,15.5,1.2,0,1.8,254.0,114.0,84.0,50.0,10.0,17.0,4.0,15.0,76.0,16.0,37.5,3,0,20.0,10.0,4.0,10.0,68.0,10.0,111.0,23.0,21.0,27.0,0.0,Manchester United
8,2022-10-02,14:00,Premier League,Matchweek 9,Sun,Away,L,3.0,6.0,Manchester City,1.5,2.9,46.0,53475.0,Bruno Fernandes,4-2-3-1,Michael Oliver,Match Report,,11.0,7.0,21.9,1.5,1,1.5,415.0,156.0,189.0,62.0,9.0,24.0,6.0,26.0,91.0,15.0,46.7,3,0,12.0,4.0,0.0,7.0,53.0,7.0,107.0,16.0,12.0,12.0,0.0,Manchester United
10,2022-10-09,19:00,Premier League,Matchweek 10,Sun,Away,W,2.0,1.0,Everton,1.1,0.6,62.0,39258.0,Bruno Fernandes,4-2-3-1,David Coote,Match Report,,12.0,4.0,18.8,0.9,0,1.1,540.0,238.0,235.0,58.0,11.0,37.0,5.0,46.0,90.0,13.0,58.3,1,0,15.0,10.0,4.0,11.0,81.0,11.0,100.0,40.0,6.0,27.0,0.0,Manchester United
12,2022-10-16,14:00,Premier League,Matchweek 11,Sun,Home,D,0.0,0.0,Newcastle Utd,1.3,0.7,62.0,73726.0,Bruno Fernandes,4-2-3-1,Craig Pawson,Match Report,,15.0,2.0,18.5,-1.3,0,1.3,441.0,202.0,167.0,63.0,12.0,37.0,11.0,37.0,69.0,32.0,50.0,3,0,15.0,12.0,2.0,9.0,101.0,9.0,96.0,37.0,12.0,12.0,0.0,Manchester United
13,2022-10-19,20:15,Premier League,Matchweek 12,Wed,Home,W,2.0,0.0,Tottenham,1.7,0.6,52.0,73677.0,Bruno Fernandes,4-2-3-1,Simon Hooper,Match Report,,29.0,10.0,19.7,0.3,0,1.7,528.0,264.0,199.0,58.0,26.0,35.0,10.0,26.0,71.0,34.0,69.2,1,0,9.0,11.0,4.0,12.0,99.0,12.0,105.0,31.0,10.0,13.0,0.0,Manchester United
0,2022-08-06,15:00,Premier League,Matchweek 1,Sat,Home,W,2.0,0.0,Nott'ham Forest,2.0,0.4,60.0,52245.0,Kieran Trippier,4-3-3,Simon Hooper,Match Report,,23.0,9.0,15.3,0.0,0,2.0,420.0,210.0,146.0,58.0,20.0,32.0,24.0,49.0,53.0,59.0,57.1,0,0,11.0,16.0,2.0,16.0,103.0,16.0,128.0,50.0,16.0,17.0,0.0,Newcastle United
1,2022-08-13,15:00,Premier League,Matchweek 2,Sat,Away,D,0.0,0.0,Brighton,0.2,1.0,46.0,31552.0,Kieran Trippier,4-3-3,Graham Scott,Match Report,,4.0,0.0,17.5,-0.2,0,0.2,260.0,118.0,103.0,35.0,4.0,19.0,5.0,26.0,88.0,14.0,44.4,3,0,7.0,10.0,4.0,6.0,78.0,6.0,104.0,33.0,16.0,34.0,0.0,Newcastle United
2,2022-08-21,16:30,Premier League,Matchweek 3,Sun,Home,D,3.0,3.0,Manchester City,1.8,2.7,31.0,52258.0,Kieran Trippier,4-3-3,Jarred Gillett,Match Report,,12.0,5.0,14.4,1.2,0,1.8,200.0,70.0,88.0,40.0,10.0,16.0,10.0,25.0,71.0,26.0,55.6,4,0,14.0,8.0,2.0,5.0,78.0,5.0,148.0,25.0,19.0,24.0,1.0,Newcastle United
4,2022-08-28,14:00,Premier League,Matchweek 4,Sun,Away,D,1.0,1.0,Wolves,2.0,0.8,62.0,31311.0,Kieran Trippier,4-3-3,Peter Bankes,Match Report,,22.0,5.0,16.8,-1.0,0,2.0,396.0,151.0,182.0,56.0,16.0,29.0,14.0,52.0,58.0,40.0,50.0,1,0,12.0,10.0,1.0,8.0,103.0,8.0,125.0,39.0,10.0,15.0,0.0,Newcastle United
5,2022-08-31,20:00,Premier League,Matchweek 5,Wed,Away,L,1.0,2.0,Liverpool,0.8,1.5,29.0,53316.0,Jamaal Lascelles,4-3-3,Andre Marriner,Match Report,,5.0,2.0,16.7,0.2,0,0.8,183.0,72.0,68.0,37.0,4.0,18.0,2.0,20.0,95.0,4.0,50.0,2,0,14.0,8.0,2.0,11.0,72.0,11.0,138.0,28.0,16.0,42.0,0.0,Newcastle United
6,2022-09-03,15:00,Premier League,Matchweek 6,Sat,Home,D,0.0,0.0,Crystal Palace,2.7,1.1,52.0,51863.0,Kieran Trippier,4-3-3,Michael Salisbury,Match Report,,23.0,5.0,12.3,-2.7,0,2.7,326.0,111.0,158.0,53.0,13.0,27.0,14.0,41.0,62.0,56.0,50.0,2,0,21.0,16.0,2.0,14.0,85.0,14.0,142.0,43.0,21.0,17.0,0.0,Newcastle United
7,2022-09-17,15:00,Premier League,Matchweek 8,Sat,Home,D,1.0,1.0,Bournemouth,2.0,0.6,73.0,52238.0,Kieran Trippier,4-3-3,Craig Pawson,Match Report,,19.0,6.0,18.7,-1.0,1,2.0,590.0,238.0,276.0,72.0,12.0,50.0,21.0,43.0,44.0,41.0,42.9,2,0,13.0,15.0,3.0,9.0,104.0,9.0,94.0,33.0,7.0,10.0,0.0,Newcastle United
8,2022-10-01,15:00,Premier League,Matchweek 9,Sat,Away,W,4.0,1.0,Fulham,3.5,0.4,68.0,22913.0,Kieran Trippier,4-3-3,Darren England,Match Report,,20.0,11.0,12.4,0.5,0,3.5,557.0,230.0,244.0,77.0,17.0,35.0,18.0,53.0,44.0,51.0,53.3,0,0,11.0,14.0,8.0,11.0,83.0,11.0,113.0,38.0,11.0,14.0,0.0,Newcastle United
9,2022-10-08,15:00,Premier League,Matchweek 10,Sat,Home,W,5.0,1.0,Brentford,2.5,1.1,54.0,52067.0,Kieran Trippier,4-3-3,John Brooks,Match Report,,16.0,6.0,16.8,1.5,0,2.5,332.0,129.0,153.0,49.0,11.0,27.0,6.0,28.0,61.0,32.0,64.3,0,0,15.0,9.0,1.0,7.0,85.0,7.0,107.0,28.0,6.0,22.0,0.0,Newcastle United
10,2022-10-16,14:00,Premier League,Matchweek 11,Sun,Away,D,0.0,0.0,Manchester Utd,0.7,1.3,38.0,73726.0,Kieran Trippier,4-3-3,Craig Pawson,Match Report,,9.0,2.0,12.9,-0.7,0,0.7,237.0,102.0,96.0,31.0,7.0,18.0,8.0,23.0,82.0,20.0,40.0,1,0,12.0,14.0,0.0,10.0,72.0,10.0,119.0,38.0,19.0,20.0,0.0,Newcastle United
11,2022-10-19,19:30,Premier League,Matchweek 12,Wed,Home,W,1.0,0.0,Everton,1.2,0.1,49.0,,Kieran Trippier,4-3-3,Tony Harrington,Match Report,,16.0,4.0,13.4,-0.2,0,1.2,337.0,116.0,165.0,45.0,14.0,24.0,9.0,36.0,36.0,33.0,22.2,2,0,12.0,12.0,0.0,13.0,110.0,13.0,138.0,44.0,4.0,14.0,0.0,Newcastle United
0,2022-08-07,14:00,Premier League,Matchweek 1,Sun,Away,W,2.0,1.0,Manchester Utd,1.6,1.7,37.0,73711.0,Lewis Dunk,3-4-3,Paul Tierney,Match Report,,15.0,3.0,16.3,0.4,0,1.6,250.0,114.0,92.0,35.0,12.0,20.0,11.0,26.0,74.0,27.0,71.4,1,0,14.0,8.0,1.0,11.0,74.0,11.0,134.0,44.0,19.0,30.0,0.0,Brighton and Hove Albion
1,2022-08-13,15:00,Premier League,Matchweek 2,Sat,Home,D,0.0,0.0,Newcastle Utd,1.0,0.2,54.0,31552.0,Lewis Dunk,3-4-3,Graham Scott,Match Report,,13.0,6.0,16.6,-1.0,0,1.0,310.0,144.0,115.0,45.0,10.0,36.0,11.0,34.0,45.0,30.0,57.1,2,0,11.0,7.0,1.0,14.0,88.0,14.0,86.0,34.0,15.0,29.0,0.0,Brighton and Hove Albion
2,2022-08-21,14:00,Premier League,Matchweek 3,Sun,Away,W,2.0,0.0,West Ham,1.6,0.7,50.0,62449.0,Lewis Dunk,3-5-1-1,Anthony Taylor,Match Report,,10.0,1.0,18.2,0.4,1,1.6,414.0,178.0,170.0,53.0,7.0,32.0,7.0,32.0,72.0,26.0,71.4,0,0,9.0,11.0,1.0,4.0,77.0,4.0,123.0,34.0,14.0,22.0,0.0,Brighton and Hove Albion
4,2022-08-27,15:00,Premier League,Matchweek 4,Sat,Home,W,1.0,0.0,Leeds United,1.9,1.4,43.0,30953.0,Lewis Dunk,3-4-3,Michael Salisbury,Match Report,,13.0,4.0,13.6,-0.9,0,1.9,265.0,94.0,105.0,63.0,12.0,24.0,6.0,29.0,50.0,28.0,53.8,2,0,11.0,15.0,2.0,7.0,99.0,7.0,157.0,40.0,16.0,14.0,0.0,Brighton and Hove Albion
5,2022-08-30,19:30,Premier League,Matchweek 5,Tue,Away,L,1.0,2.0,Fulham,1.7,1.4,60.0,22224.0,Lewis Dunk,3-5-2,Thomas Bramall,Match Report,,6.0,2.0,14.4,-0.7,1,1.7,471.0,138.0,240.0,84.0,5.0,37.0,13.0,40.0,78.0,22.0,41.2,1,0,13.0,10.0,2.0,8.0,83.0,8.0,139.0,49.0,16.0,13.0,2.0,Brighton and Hove Albion
6,2022-09-04,14:00,Premier League,Matchweek 6,Sun,Home,W,5.0,2.0,Leicester City,2.4,1.7,54.0,31185.0,Lewis Dunk,3-5-2,Tony Harrington,Match Report,,22.0,8.0,18.2,1.6,1,2.4,446.0,149.0,199.0,91.0,14.0,39.0,18.0,51.0,40.0,40.0,62.5,1,0,9.0,9.0,2.0,11.0,95.0,11.0,140.0,47.0,12.0,5.0,1.0,Brighton and Hove Albion
7,2022-10-01,15:00,Premier League,Matchweek 9,Sat,Away,D,3.0,3.0,Liverpool,1.6,1.6,45.0,53320.0,Lewis Dunk,3-4-3,Andy Madley,Match Report,,6.0,6.0,9.2,1.4,0,1.6,363.0,151.0,168.0,38.0,4.0,20.0,7.0,22.0,116.0,25.0,68.4,1,0,18.0,8.0,0.0,12.0,85.0,12.0,159.0,40.0,20.0,30.0,0.0,Brighton and Hove Albion
8,2022-10-08,17:30,Premier League,Matchweek 10,Sat,Home,L,0.0,1.0,Tottenham,0.6,0.7,59.0,31498.0,Lewis Dunk,3-4-3,Tony Harrington,Match Report,,14.0,4.0,18.9,-0.6,0,0.6,627.0,301.0,252.0,67.0,13.0,51.0,9.0,44.0,66.0,30.0,72.7,1,0,13.0,13.0,2.0,11.0,82.0,11.0,122.0,41.0,17.0,10.0,0.0,Brighton and Hove Albion
9,2022-10-14,20:00,Premier League,Matchweek 11,Fri,Away,L,0.0,2.0,Brentford,1.3,1.3,73.0,17016.0,Lewis Dunk,4-4-2,Michael Salisbury,Match Report,,21.0,7.0,16.0,-1.3,0,1.3,556.0,258.0,226.0,57.0,17.0,42.0,18.0,47.0,64.0,38.0,44.4,1,0,16.0,12.0,3.0,13.0,99.0,13.0,80.0,29.0,5.0,15.0,0.0,Brighton and Hove Albion
10,2022-10-18,19:30,Premier League,Matchweek 12,Tue,Home,D,0.0,0.0,Nott'ham Forest,1.7,0.2,70.0,31463.0,Lewis Dunk,3-4-3,Darren England,Match Report,,18.0,6.0,14.8,-1.7,0,1.7,583.0,246.0,238.0,82.0,14.0,37.0,16.0,36.0,44.0,45.0,55.6,3,0,10.0,17.0,1.0,11.0,93.0,11.0,93.0,38.0,4.0,11.0,0.0,Brighton and Hove Albion
0,2022-08-06,15:00,Premier League,Matchweek 1,Sat,Home,W,2,0,Aston Villa,0.5,0.6,34.0,11013.0,Lloyd Kelly,3-4-3,Peter Bankes,Match Report,,7.0,3.0,14.5,1.5,0,0.5,230.0,97.0,88.0,36.0,5.0,10.0,4.0,15.0,97.0,12.0,45.5,3,0,20.0,18.0,1.0,10.0,70.0,10.0,158.0,42.0,14.0,42.0,0.0,Bournemouth
1,2022-08-13,15:00,Premier League,Matchweek 2,Sat,Away,L,0,4,Manchester City,0.1,1.6,33.0,53453.0,Lloyd Kelly,3-4-3,David Coote,Match Report,,3.0,1.0,19.5,-0.1,0,0.1,282.0,105.0,125.0,48.0,2.0,11.0,2.0,8.0,105.0,6.0,55.6,3,0,11.0,10.0,1.0,6.0,44.0,6.0,110.0,20.0,6.0,17.0,0.0,Bournemouth
2,2022-08-20,17:30,Premier League,Matchweek 3,Sat,Home,L,0,3,Arsenal,0.3,1.8,41.0,10423.0,Lloyd Kelly,3-5-2,Craig Pawson,Match Report,,6.0,2.0,18.5,-0.3,0,0.3,344.0,143.0,143.0,51.0,4.0,20.0,6.0,13.0,71.0,12.0,62.5,2,0,14.0,11.0,1.0,11.0,73.0,11.0,176.0,43.0,9.0,21.0,0.0,Bournemouth
4,2022-08-27,15:00,Premier League,Matchweek 4,Sat,Away,L,0,9,Liverpool,0.4,3.4,31.0,53328.0,Adam Smith,4-2-3-1,Stuart Attwell,Match Report,,5.0,2.0,16.1,-0.4,0,0.4,219.0,102.0,83.0,29.0,5.0,12.0,3.0,13.0,73.0,10.0,53.3,1,0,12.0,7.0,0.0,11.0,65.0,11.0,146.0,48.0,13.0,17.0,0.0,Bournemouth
5,2022-08-31,19:30,Premier League,Matchweek 5,Wed,Home,D,0,0,Wolves,0.5,1.5,35.0,10113.0,Lloyd Kelly,4-4-2,Anthony Taylor,Match Report,,5.0,2.0,15.1,-0.5,0,0.5,260.0,106.0,109.0,39.0,3.0,15.0,7.0,19.0,85.0,19.0,46.7,2,0,12.0,13.0,0.0,18.0,67.0,18.0,162.0,48.0,14.0,24.0,0.0,Bournemouth
6,2022-09-03,15:00,Premier League,Matchweek 6,Sat,Away,W,3,2,Nott'ham Forest,0.9,1.3,49.0,28720.0,Lloyd Kelly,4-2-3-1,Michael Oliver,Match Report,,8.0,3.0,16.5,2.1,0,0.9,388.0,172.0,170.0,38.0,7.0,21.0,7.0,21.0,71.0,21.0,33.3,1,0,16.0,14.0,1.0,7.0,83.0,7.0,141.0,39.0,10.0,28.0,1.0,Bournemouth
7,2022-09-17,15:00,Premier League,Matchweek 8,Sat,Away,D,1,1,Newcastle Utd,0.6,2.0,27.0,52238.0,Adam Smith,4-2-3-1,Craig Pawson,Match Report,,10.0,3.0,17.4,0.4,0,0.6,176.0,70.0,77.0,22.0,8.0,9.0,4.0,20.0,102.0,13.0,57.9,2,0,16.0,13.0,1.0,12.0,68.0,12.0,158.0,32.0,15.0,40.0,0.0,Bournemouth
8,2022-10-01,15:00,Premier League,Matchweek 9,Sat,Home,D,0,0,Brentford,0.5,1.2,41.0,10126.0,Adam Smith,4-4-2,Thomas Bramall,Match Report,,7.0,0.0,15.1,-0.5,0,0.5,309.0,132.0,128.0,46.0,5.0,28.0,9.0,25.0,75.0,18.0,45.5,1,0,14.0,10.0,1.0,5.0,82.0,5.0,138.0,33.0,8.0,27.0,0.0,Bournemouth
9,2022-10-08,15:00,Premier League,Matchweek 10,Sat,Home,W,2,1,Leicester City,1.1,1.2,46.0,10272.0,Adam Smith,4-4-2,Michael Salisbury,Match Report,,10.0,4.0,14.7,0.9,0,1.1,388.0,148.0,192.0,42.0,5.0,24.0,9.0,29.0,62.0,25.0,42.9,1,0,10.0,18.0,3.0,6.0,80.0,6.0,88.0,28.0,8.0,19.0,0.0,Bournemouth
10,2022-10-15,15:00,Premier League,Matchweek 11,Sat,Away,D,2,2,Fulham,1.0,1.8,31.0,22541.0,Adam Smith,4-2-3-1,Graham Scott,Match Report,,10.0,6.0,12.3,1.0,0,1.0,201.0,78.0,83.0,34.0,8.0,20.0,4.0,16.0,101.0,21.0,40.0,0,0,14.0,9.0,0.0,8.0,74.0,8.0,136.0,38.0,9.0,48.0,0.0,Bournemouth
11,2022-10-19,19:30,Premier League,Matchweek 12,Wed,Home,L,0,1,Southampton,1.0,0.8,54.0,10405.0,Adam Smith,3-4-3,John Brooks,Match Report,,15.0,3.0,16.2,-1.0,0,1.0,458.0,164.0,215.0,75.0,14.0,37.0,15.0,41.0,44.0,37.0,46.2,1,0,8.0,14.0,2.0,11.0,108.0,11.0,120.0,40.0,13.0,11.0,0.0,Bournemouth
0,2022-08-06,12:30,Premier League,Matchweek 1,Sat,Home,D,2.0,2.0,Liverpool,1.4,1.9,33.0,22207.0,Tim Ream,4-2-3-1,Andy Madley,Match Report,,9.0,2.0,17.4,0.6,1,1.4,204.0,88.0,71.0,40.0,6.0,28.0,6.0,24.0,76.0,18.0,43.8,2,0,9.0,8.0,4.0,11.0,97.0,11.0,154.0,51.0,36.0,24.0,0.0,Fulham
1,2022-08-13,15:00,Premier League,Matchweek 2,Sat,Away,D,0.0,0.0,Wolves,1.2,0.7,41.0,31178.0,Tim Ream,4-2-3-1,John Brooks,Match Report,,7.0,1.0,16.7,-1.2,0,1.2,269.0,103.0,109.0,49.0,5.0,14.0,5.0,12.0,57.0,16.0,42.9,3,0,17.0,7.0,0.0,14.0,85.0,14.0,145.0,43.0,17.0,24.0,1.0,Fulham
2,2022-08-20,15:00,Premier League,Matchweek 3,Sat,Home,W,3.0,2.0,Brentford,1.9,1.5,43.0,21798.0,Tim Ream,4-2-3-1,Peter Bankes,Match Report,,18.0,9.0,14.8,1.1,0,1.9,246.0,99.0,97.0,46.0,12.0,26.0,7.0,22.0,57.0,33.0,66.7,3,0,13.0,9.0,5.0,9.0,81.0,9.0,145.0,41.0,23.0,20.0,2.0,Fulham
4,2022-08-27,17:30,Premier League,Matchweek 4,Sat,Away,L,1.0,2.0,Arsenal,1.1,2.4,29.0,60164.0,Tim Ream,4-2-3-1,Jarred Gillett,Match Report,,11.0,3.0,12.8,-0.1,0,1.1,168.0,66.0,74.0,24.0,9.0,10.0,6.0,10.0,94.0,15.0,53.8,3,0,13.0,6.0,0.0,10.0,65.0,10.0,186.0,58.0,17.0,35.0,0.0,Fulham
5,2022-08-30,19:30,Premier League,Matchweek 5,Tue,Home,W,2.0,1.0,Brighton,1.4,1.7,40.0,22224.0,Tim Ream,4-2-3-1,Thomas Bramall,Match Report,,10.0,3.0,14.8,-0.4,0,1.4,282.0,89.0,149.0,40.0,5.0,16.0,5.0,21.0,84.0,19.0,46.7,2,0,10.0,13.0,0.0,16.0,86.0,16.0,140.0,47.0,10.0,25.0,0.0,Fulham
6,2022-09-03,15:00,Premier League,Matchweek 6,Sat,Away,L,1.0,2.0,Tottenham,0.6,2.5,48.0,61641.0,Tim Ream,4-2-3-1,Stuart Attwell,Match Report,,9.0,3.0,16.8,0.4,0,0.6,396.0,153.0,177.0,58.0,6.0,33.0,3.0,31.0,63.0,10.0,54.5,4,0,7.0,12.0,0.0,10.0,64.0,10.0,133.0,25.0,10.0,23.0,0.0,Fulham
7,2022-09-16,20:00,Premier League,Matchweek 8,Fri,Away,W,3.0,2.0,Nott'ham Forest,1.2,1.4,59.0,28654.0,Tim Ream,4-2-3-1,Jarred Gillett,Match Report,,15.0,7.0,16.1,1.8,0,1.2,482.0,178.0,207.0,86.0,13.0,30.0,9.0,35.0,47.0,25.0,33.3,4,0,10.0,10.0,2.0,5.0,95.0,5.0,82.0,29.0,9.0,9.0,0.0,Fulham
8,2022-10-01,15:00,Premier League,Matchweek 9,Sat,Home,L,1.0,4.0,Newcastle Utd,0.4,3.5,32.0,22913.0,Tim Ream,4-2-3-1,Darren England,Match Report,,3.0,1.0,16.7,0.6,0,0.4,209.0,88.0,94.0,23.0,3.0,14.0,2.0,15.0,87.0,8.0,60.0,2,1,13.0,10.0,4.0,8.0,61.0,8.0,129.0,26.0,15.0,13.0,0.0,Fulham
9,2022-10-09,14:00,Premier League,Matchweek 10,Sun,Away,L,1.0,3.0,West Ham,0.5,3.3,49.0,62407.0,Tim Ream,4-2-3-1,Chris Kavanagh,Match Report,,8.0,2.0,15.5,0.5,0,0.5,409.0,148.0,205.0,50.0,3.0,28.0,10.0,32.0,73.0,20.0,44.4,3,0,10.0,11.0,2.0,10.0,84.0,10.0,143.0,47.0,12.0,25.0,1.0,Fulham
10,2022-10-15,15:00,Premier League,Matchweek 11,Sat,Home,D,2.0,2.0,Bournemouth,1.8,1.0,69.0,22541.0,Tim Ream,4-2-3-1,Graham Scott,Match Report,,18.0,3.0,18.2,0.2,1,1.8,534.0,180.0,257.0,92.0,12.0,53.0,14.0,41.0,61.0,42.0,61.1,2,0,10.0,12.0,1.0,9.0,110.0,9.0,92.0,31.0,7.0,14.0,0.0,Fulham
1,2022-08-06,12:30,Premier League,Matchweek 1,Sat,Away,D,2.0,2.0,Fulham,1.9,1.4,67.0,22207.0,Jordan Henderson,4-3-3,Andy Madley,Match Report,,11.0,3.0,11.8,0.1,0,1.9,520.0,186.0,229.0,93.0,8.0,39.0,15.0,47.0,78.0,41.0,52.9,0,0,9.0,9.0,4.0,12.0,124.0,12.0,143.0,55.0,18.0,18.0,0.0,Liverpool
2,2022-08-15,20:00,Premier League,Matchweek 2,Mon,Home,D,1.0,1.0,Crystal Palace,1.7,1.5,72.0,52970.0,James Milner,4-3-3,Paul Tierney,Match Report,,24.0,4.0,17.1,-0.7,0,1.7,681.0,249.0,296.0,125.0,20.0,68.0,25.0,63.0,45.0,55.0,55.6,2,1,9.0,8.0,3.0,18.0,119.0,18.0,133.0,68.0,12.0,13.0,0.0,Liverpool
3,2022-08-22,20:00,Premier League,Matchweek 3,Mon,Away,L,1.0,2.0,Manchester Utd,1.5,1.7,70.0,74147.0,Jordan Henderson,4-3-3,Michael Oliver,Match Report,,17.0,5.0,14.5,-0.5,0,1.5,561.0,200.0,256.0,93.0,12.0,42.0,14.0,44.0,67.0,48.0,68.4,1,0,7.0,11.0,2.0,6.0,108.0,6.0,83.0,33.0,7.0,8.0,0.0,Liverpool
4,2022-08-27,15:00,Premier League,Matchweek 4,Sat,Home,W,9.0,0.0,Bournemouth,3.4,0.4,69.0,53328.0,Jordan Henderson,4-3-3,Stuart Attwell,Match Report,,19.0,12.0,10.8,4.6,0,3.4,619.0,223.0,294.0,96.0,14.0,63.0,20.0,55.0,42.0,50.0,38.1,0,0,7.0,12.0,3.0,6.0,113.0,6.0,105.0,44.0,9.0,4.0,0.0,Liverpool
5,2022-08-31,20:00,Premier League,Matchweek 5,Wed,Home,W,2.0,1.0,Newcastle Utd,1.5,0.8,71.0,53316.0,Jordan Henderson,4-3-3,Andre Marriner,Match Report,,23.0,6.0,17.4,0.5,0,1.5,561.0,177.0,279.0,88.0,17.0,53.0,17.0,62.0,54.0,47.0,66.7,0,0,9.0,14.0,2.0,7.0,119.0,7.0,93.0,32.0,12.0,10.0,0.0,Liverpool
6,2022-09-03,12:30,Premier League,Matchweek 6,Sat,Away,D,0.0,0.0,Everton,2.2,1.1,60.0,39240.0,Virgil van Dijk,4-3-3,Anthony Taylor,Match Report,,24.0,9.0,12.3,-2.2,0,2.2,414.0,117.0,200.0,94.0,15.0,44.0,11.0,38.0,74.0,49.0,54.5,2,0,13.0,7.0,2.0,13.0,85.0,13.0,123.0,34.0,13.0,27.0,1.0,Liverpool
9,2022-10-01,15:00,Premier League,Matchweek 9,Sat,Home,D,3.0,3.0,Brighton,1.6,1.6,55.0,53320.0,Jordan Henderson,4-3-3,Andy Madley,Match Report,,15.0,7.0,16.0,0.4,0,1.6,462.0,181.0,204.0,64.0,8.0,45.0,14.0,43.0,61.0,43.0,33.3,1,0,11.0,18.0,1.0,9.0,109.0,9.0,165.0,60.0,12.0,13.0,0.0,Liverpool
11,2022-10-09,16:30,Premier League,Matchweek 10,Sun,Away,L,2.0,3.0,Arsenal,0.8,2.6,57.0,60059.0,Jordan Henderson,4-2-3-1,Michael Oliver,Match Report,,8.0,3.0,17.1,1.2,0,0.8,438.0,172.0,198.0,52.0,6.0,27.0,4.0,30.0,100.0,21.0,62.5,2,0,13.0,12.0,6.0,10.0,96.0,10.0,137.0,23.0,7.0,17.0,0.0,Liverpool
13,2022-10-16,16:30,Premier League,Matchweek 11,Sun,Home,W,1.0,0.0,Manchester City,2.0,1.0,37.0,53286.0,James Milner,4-2-3-1,Anthony Taylor,Match Report,,13.0,3.0,17.5,-1.0,0,2.0,323.0,108.0,160.0,51.0,8.0,18.0,9.0,30.0,116.0,29.0,66.7,3,0,11.0,11.0,3.0,13.0,105.0,13.0,178.0,57.0,21.0,21.0,0.0,Liverpool
14,2022-10-19,19:30,Premier League,Matchweek 12,Wed,Home,W,1.0,0.0,West Ham,1.9,1.9,54.0,,Jordan Henderson,4-4-2,Stuart Attwell,Match Report,,22.0,7.0,17.3,-0.9,0,1.9,532.0,221.0,217.0,74.0,16.0,36.0,14.0,43.0,65.0,38.0,46.2,0,0,13.0,7.0,1.0,8.0,98.0,8.0,144.0,40.0,13.0,18.0,0.0,Liverpool
0,2022-08-07,14:00,Premier League,Matchweek 1,Sun,Away,D,2.0,2.0,Leicester City,0.4,0.6,44.0,31794.0,Pontus Jansson,4-3-3,Jarred Gillett,Match Report,,8.0,3.0,16.2,1.6,0,0.4,397.0,154.0,184.0,57.0,7.0,28.0,6.0,27.0,51.0,11.0,50.0,0,0,9.0,6.0,2.0,7.0,64.0,7.0,154.0,37.0,13.0,19.0,0.0,Brentford
1,2022-08-13,17:30,Premier League,Matchweek 2,Sat,Home,W,4.0,0.0,Manchester Utd,1.8,0.8,33.0,17051.0,Pontus Jansson,3-5-2,Stuart Attwell,Match Report,,13.0,7.0,17.7,2.2,0,1.8,183.0,82.0,58.0,37.0,6.0,18.0,4.0,16.0,68.0,20.0,60.0,0,0,8.0,16.0,1.0,7.0,69.0,7.0,122.0,25.0,23.0,19.0,0.0,Brentford
2,2022-08-20,15:00,Premier League,Matchweek 3,Sat,Away,L,2.0,3.0,Fulham,1.5,1.9,57.0,21798.0,Pontus Jansson,4-3-3,Peter Bankes,Match Report,,13.0,5.0,13.7,0.5,0,1.5,341.0,128.0,140.0,69.0,9.0,21.0,7.0,21.0,80.0,25.0,83.3,2,0,9.0,12.0,7.0,7.0,82.0,7.0,108.0,41.0,10.0,5.0,1.0,Brentford
4,2022-08-27,15:00,Premier League,Matchweek 4,Sat,Home,D,1.0,1.0,Everton,2.8,1.5,58.0,17009.0,Christian Nørgaard,4-3-3,John Brooks,Match Report,,20.0,4.0,13.6,-1.8,0,2.8,458.0,181.0,218.0,55.0,14.0,35.0,11.0,28.0,61.0,38.0,62.5,2,0,8.0,8.0,0.0,6.0,89.0,6.0,93.0,20.0,8.0,20.0,0.0,Brentford
5,2022-08-30,19:30,Premier League,Matchweek 5,Tue,Away,D,1.0,1.0,Crystal Palace,1.3,1.0,50.0,25043.0,Ivan Toney,4-3-3,Simon Hooper,Match Report,,9.0,3.0,10.0,-0.3,0,1.3,402.0,159.0,160.0,79.0,8.0,36.0,10.0,30.0,66.0,30.0,26.3,2,0,10.0,12.0,0.0,13.0,102.0,13.0,140.0,43.0,14.0,13.0,0.0,Brentford
6,2022-09-03,15:00,Premier League,Matchweek 6,Sat,Home,W,5.0,2.0,Leeds United,2.4,2.0,33.0,17092.0,Pontus Jansson,4-3-3,Robert Jones,Match Report,,13.0,7.0,18.3,2.6,1,2.4,163.0,55.0,72.0,31.0,5.0,11.0,7.0,17.0,66.0,16.0,72.2,2,0,12.0,12.0,1.0,15.0,85.0,15.0,134.0,43.0,14.0,26.0,0.0,Brentford
7,2022-09-18,12:00,Premier League,Matchweek 8,Sun,Home,L,0.0,3.0,Arsenal,0.5,1.0,36.0,17122.0,Pontus Jansson,3-5-2,David Coote,Match Report,,5.0,2.0,13.4,-0.5,0,0.5,249.0,101.0,95.0,48.0,5.0,14.0,7.0,16.0,64.0,13.0,42.9,0,0,10.0,10.0,3.0,11.0,81.0,11.0,161.0,32.0,18.0,28.0,0.0,Brentford
8,2022-10-01,15:00,Premier League,Matchweek 9,Sat,Away,D,0.0,0.0,Bournemouth,1.2,0.5,59.0,10126.0,Pontus Jansson,4-3-3,Thomas Bramall,Match Report,,13.0,3.0,14.6,-1.2,0,1.2,479.0,179.0,204.0,89.0,10.0,39.0,10.0,46.0,81.0,24.0,50.0,2,0,11.0,14.0,2.0,14.0,77.0,14.0,98.0,39.0,6.0,21.0,0.0,Brentford
9,2022-10-08,15:00,Premier League,Matchweek 10,Sat,Away,L,1.0,5.0,Newcastle Utd,1.1,2.5,46.0,52067.0,Ivan Toney,3-5-2,John Brooks,Match Report,,5.0,2.0,18.2,-0.1,1,1.1,267.0,112.0,106.0,45.0,4.0,26.0,5.0,28.0,83.0,22.0,66.7,1,0,10.0,14.0,3.0,9.0,70.0,9.0,103.0,28.0,18.0,22.0,2.0,Brentford
10,2022-10-14,20:00,Premier League,Matchweek 11,Fri,Home,W,2.0,0.0,Brighton,1.3,1.3,27.0,17016.0,Ivan Toney,4-3-3,Michael Salisbury,Match Report,,6.0,1.0,16.2,0.7,1,1.3,169.0,68.0,58.0,35.0,3.0,18.0,6.0,17.0,87.0,18.0,86.7,3,0,13.0,15.0,0.0,5.0,78.0,5.0,107.0,21.0,12.0,35.0,0.0,Brentford
11,2022-10-19,19:30,Premier League,Matchweek 12,Wed,Home,D,0.0,0.0,Chelsea,1.0,0.7,34.0,,Ivan Toney,3-5-2,Jarred Gillett,Match Report,,8.0,5.0,15.4,-1.0,0,1.0,251.0,104.0,97.0,46.0,7.0,23.0,10.0,26.0,84.0,22.0,41.7,0,0,9.0,6.0,2.0,7.0,93.0,7.0,140.0,39.0,19.0,26.0,0.0,Brentford
0,2022-08-06,17:30,Premier League,Matchweek 1,Sat,Home,L,0.0,1.0,Chelsea,0.5,1.6,38.0,39254.0,Jordan Pickford,3-4-3,Craig Pawson,Match Report,,8.0,3.0,12.7,-0.5,0,0.5,272.0,96.0,115.0,55.0,6.0,28.0,5.0,21.0,74.0,19.0,58.8,3,0,15.0,13.0,0.0,15.0,85.0,15.0,153.0,53.0,10.0,26.0,0.0,Everton
1,2022-08-13,12:30,Premier League,Matchweek 2,Sat,Away,L,1.0,2.0,Aston Villa,1.4,1.7,42.0,41883.0,Jordan Pickford,3-4-3,Michael Oliver,Match Report,,15.0,4.0,13.8,-1.4,0,1.4,312.0,113.0,129.0,64.0,9.0,28.0,6.0,27.0,76.0,28.0,57.1,1,0,7.0,11.0,3.0,15.0,77.0,15.0,129.0,47.0,12.0,29.0,0.0,Everton
2,2022-08-20,15:00,Premier League,Matchweek 3,Sat,Home,D,1.0,1.0,Nott'ham Forest,1.8,1.0,48.0,39271.0,Jordan Pickford,3-4-3,Andre Marriner,Match Report,,19.0,8.0,20.1,-0.8,0,1.8,345.0,154.0,123.0,58.0,15.0,25.0,4.0,22.0,73.0,25.0,66.7,3,0,7.0,11.0,4.0,11.0,93.0,11.0,100.0,41.0,19.0,30.0,0.0,Everton
4,2022-08-27,15:00,Premier League,Matchweek 4,Sat,Away,D,1.0,1.0,Brentford,1.5,2.8,42.0,17009.0,Jordan Pickford,3-4-3,John Brooks,Match Report,,14.0,7.0,16.3,-0.5,0,1.5,319.0,119.0,133.0,60.0,9.0,27.0,5.0,22.0,88.0,20.0,50.0,2,0,8.0,8.0,2.0,10.0,83.0,10.0,140.0,41.0,18.0,38.0,0.0,Everton
5,2022-08-30,20:00,Premier League,Matchweek 5,Tue,Away,D,1.0,1.0,Leeds United,0.9,1.5,32.0,36338.0,Jordan Pickford,4-3-3,Darren England,Match Report,,7.0,2.0,18.4,0.1,0,0.9,223.0,99.0,84.0,37.0,2.0,9.0,4.0,19.0,82.0,12.0,36.4,3,0,12.0,7.0,2.0,11.0,89.0,11.0,176.0,52.0,21.0,36.0,0.0,Everton
6,2022-09-03,12:30,Premier League,Matchweek 6,Sat,Home,D,0.0,0.0,Liverpool,1.1,2.2,40.0,39240.0,Jordan Pickford,4-3-3,Anthony Taylor,Match Report,,14.0,4.0,15.3,-1.1,0,1.1,242.0,105.0,86.0,45.0,9.0,16.0,8.0,22.0,82.0,25.0,47.1,2,0,7.0,11.0,3.0,11.0,70.0,11.0,115.0,30.0,19.0,36.0,0.0,Everton
7,2022-09-18,14:15,Premier League,Matchweek 8,Sun,Home,W,1.0,0.0,West Ham,0.4,0.8,53.0,39298.0,Conor Coady,4-3-3,Michael Oliver,Match Report,,8.0,2.0,18.8,0.6,0,0.4,414.0,156.0,187.0,66.0,6.0,30.0,5.0,39.0,89.0,20.0,57.9,3,0,16.0,12.0,1.0,11.0,78.0,11.0,137.0,39.0,15.0,26.0,0.0,Everton
8,2022-10-01,15:00,Premier League,Matchweek 9,Sat,Away,W,2.0,1.0,Southampton,1.7,2.3,45.0,30510.0,Séamus Coleman,4-3-3,Andre Marriner,Match Report,,12.0,5.0,16.5,0.3,0,1.7,316.0,108.0,124.0,71.0,8.0,27.0,9.0,26.0,84.0,22.0,87.5,2,0,15.0,13.0,1.0,12.0,87.0,12.0,128.0,43.0,17.0,24.0,0.0,Everton
9,2022-10-09,19:00,Premier League,Matchweek 10,Sun,Home,L,1.0,2.0,Manchester Utd,0.6,1.1,38.0,39258.0,Séamus Coleman,4-3-3,David Coote,Match Report,,11.0,2.0,16.5,0.4,0,0.6,300.0,113.0,138.0,45.0,7.0,19.0,9.0,22.0,65.0,21.0,60.0,2,0,10.0,13.0,1.0,3.0,77.0,3.0,113.0,30.0,26.0,13.0,0.0,Everton
10,2022-10-15,17:30,Premier League,Matchweek 11,Sat,Away,L,0.0,2.0,Tottenham,0.5,2.1,39.0,61812.0,Séamus Coleman,3-5-2,Paul Tierney,Match Report,,4.0,0.0,13.5,-0.5,0,0.5,320.0,98.0,162.0,60.0,3.0,16.0,0.0,8.0,94.0,7.0,57.1,4,0,14.0,13.0,0.0,13.0,62.0,13.0,117.0,34.0,9.0,26.0,0.0,Everton
11,2022-10-19,19:30,Premier League,Matchweek 12,Wed,Away,L,0.0,1.0,Newcastle Utd,0.1,1.2,51.0,,Séamus Coleman,4-3-3,Tony Harrington,Match Report,,1.0,0.0,6.0,-0.1,0,0.1,352.0,146.0,146.0,50.0,1.0,15.0,5.0,18.0,68.0,10.0,61.1,4,0,13.0,12.0,3.0,13.0,72.0,13.0,133.0,38.0,12.0,25.0,1.0,Everton
0,2022-08-07,16:30,Premier League,Matchweek 1,Sun,Home,L,0.0,2.0,Manchester City,0.4,2.3,25.0,62443.0,Declan Rice,4-2-3-1,Michael Oliver,Match Report,,6.0,1.0,14.9,-0.4,0,0.4,215.0,94.0,88.0,31.0,4.0,9.0,7.0,15.0,85.0,11.0,50.0,0,0,10.0,5.0,4.0,6.0,39.0,6.0,142.0,17.0,26.0,18.0,0.0,West Ham United
1,2022-08-14,14:00,Premier League,Matchweek 2,Sun,Away,L,0.0,1.0,Nott'ham Forest,2.1,1.4,58.0,29281.0,Declan Rice,4-3-3,Robert Jones,Match Report,,18.0,3.0,17.7,-2.1,0,2.1,320.0,147.0,122.0,49.0,12.0,32.0,7.0,34.0,50.0,32.0,57.1,1,0,11.0,11.0,2.0,7.0,91.0,7.0,85.0,26.0,10.0,25.0,0.0,West Ham United
3,2022-08-21,14:00,Premier League,Matchweek 3,Sun,Home,L,0.0,2.0,Brighton,0.7,1.6,50.0,62449.0,Declan Rice,4-2-3-1,Anthony Taylor,Match Report,,13.0,3.0,15.2,-0.7,0,0.7,401.0,152.0,194.0,46.0,9.0,30.0,4.0,24.0,56.0,22.0,50.0,2,0,11.0,8.0,3.0,7.0,91.0,7.0,132.0,41.0,8.0,13.0,0.0,West Ham United
5,2022-08-28,14:00,Premier League,Matchweek 4,Sun,Away,W,1.0,0.0,Aston Villa,0.4,0.6,42.0,41796.0,Declan Rice,3-5-2,David Coote,Match Report,,7.0,2.0,23.3,0.6,0,0.4,352.0,133.0,150.0,60.0,6.0,17.0,5.0,23.0,74.0,14.0,50.0,0,0,13.0,13.0,1.0,7.0,83.0,7.0,121.0,32.0,15.0,31.0,0.0,West Ham United
6,2022-08-31,19:45,Premier League,Matchweek 5,Wed,Home,D,1.0,1.0,Tottenham,1.1,0.7,38.0,62450.0,Declan Rice,4-2-3-1,Peter Bankes,Match Report,,14.0,4.0,15.8,-0.1,0,1.1,332.0,137.0,130.0,56.0,10.0,30.0,3.0,27.0,71.0,22.0,20.0,2,0,10.0,11.0,1.0,7.0,66.0,7.0,137.0,38.0,14.0,24.0,0.0,West Ham United
7,2022-09-03,15:00,Premier League,Matchweek 6,Sat,Away,L,1.0,2.0,Chelsea,0.8,0.8,32.0,39923.0,Declan Rice,3-4-1-2,Andy Madley,Match Report,,6.0,3.0,14.9,0.2,0,0.8,234.0,91.0,97.0,41.0,4.0,10.0,4.0,9.0,75.0,11.0,50.0,2,0,13.0,8.0,1.0,10.0,68.0,10.0,97.0,31.0,17.0,32.0,0.0,West Ham United
10,2022-09-18,14:15,Premier League,Matchweek 8,Sun,Away,L,0.0,1.0,Everton,0.8,0.4,47.0,39298.0,Declan Rice,4-2-3-1,Michael Oliver,Match Report,,14.0,4.0,14.2,-0.8,0,0.8,332.0,135.0,141.0,53.0,10.0,37.0,7.0,38.0,64.0,25.0,36.4,1,0,13.0,16.0,1.0,6.0,84.0,6.0,90.0,24.0,18.0,16.0,0.0,West Ham United
11,2022-10-01,17:30,Premier League,Matchweek 9,Sat,Home,W,2.0,0.0,Wolves,1.0,0.7,39.0,62444.0,Declan Rice,4-2-3-1,Paul Tierney,Match Report,,18.0,5.0,19.7,1.0,0,1.0,307.0,133.0,118.0,51.0,11.0,25.0,4.0,23.0,96.0,25.0,54.5,2,0,13.0,6.0,2.0,10.0,67.0,10.0,142.0,37.0,16.0,31.0,0.0,West Ham United
13,2022-10-09,14:00,Premier League,Matchweek 10,Sun,Home,W,3.0,1.0,Fulham,3.3,0.5,51.0,62407.0,Declan Rice,4-2-3-1,Chris Kavanagh,Match Report,,16.0,7.0,15.4,-0.3,1,3.3,420.0,205.0,157.0,48.0,12.0,34.0,8.0,31.0,59.0,31.0,85.7,1,0,11.0,10.0,1.0,9.0,97.0,9.0,98.0,26.0,15.0,19.0,0.0,West Ham United
15,2022-10-16,14:00,Premier League,Matchweek 11,Sun,Away,D,1.0,1.0,Southampton,1.5,0.7,60.0,29159.0,Declan Rice,3-4-3,Peter Bankes,Match Report,,26.0,3.0,17.6,-0.5,0,1.5,407.0,158.0,189.0,53.0,18.0,39.0,11.0,49.0,57.0,30.0,40.0,1,0,4.0,7.0,0.0,13.0,114.0,13.0,68.0,29.0,7.0,34.0,0.0,West Ham United
16,2022-10-19,19:30,Premier League,Matchweek 12,Wed,Away,L,0.0,1.0,Liverpool,1.9,1.9,46.0,,Declan Rice,4-4-2,Stuart Attwell,Match Report,,7.0,2.0,13.4,-1.9,0,1.9,438.0,157.0,189.0,77.0,5.0,26.0,5.0,24.0,95.0,16.0,69.2,0,0,8.0,13.0,0.0,14.0,84.0,14.0,105.0,27.0,8.0,21.0,0.0,West Ham United
0,2022-08-06,15:00,Premier League,Matchweek 1,Sat,Home,W,2.0,1.0,Wolves,0.6,1.3,39.0,36347.0,Patrick Bamford,4-2-3-1,Robert Jones,Match Report,,12.0,4.0,18.6,0.4,0,0.6,291.0,125.0,125.0,37.0,8.0,25.0,6.0,35.0,70.0,29.0,22.2,2,0,17.0,15.0,0.0,14.0,88.0,14.0,186.0,63.0,14.0,20.0,0.0,Leeds United
1,2022-08-13,15:00,Premier League,Matchweek 2,Sat,Away,D,2.0,2.0,Southampton,2.1,1.0,57.0,30815.0,Patrick Bamford,4-2-3-1,Tony Harrington,Match Report,,13.0,5.0,11.7,-0.1,0,2.1,369.0,162.0,153.0,43.0,11.0,13.0,7.0,31.0,70.0,20.0,50.0,3,0,13.0,9.0,1.0,12.0,106.0,12.0,153.0,46.0,7.0,30.0,0.0,Leeds United
2,2022-08-21,14:00,Premier League,Matchweek 3,Sun,Home,W,3.0,0.0,Chelsea,1.9,0.7,39.0,36372.0,Rodrigo,4-2-3-1,Stuart Attwell,Match Report,,12.0,6.0,16.9,1.1,0,1.9,253.0,104.0,111.0,33.0,7.0,23.0,4.0,27.0,71.0,15.0,70.6,0,0,18.0,14.0,1.0,10.0,74.0,10.0,167.0,34.0,13.0,15.0,0.0,Leeds United
4,2022-08-27,15:00,Premier League,Matchweek 4,Sat,Away,L,0.0,1.0,Brighton,1.4,1.9,57.0,30953.0,Rodrigo,4-2-3-1,Michael Salisbury,Match Report,,10.0,2.0,17.1,-1.4,0,1.4,380.0,143.0,180.0,51.0,7.0,26.0,6.0,47.0,79.0,16.0,72.7,3,0,16.0,11.0,1.0,11.0,90.0,11.0,100.0,33.0,24.0,22.0,0.0,Leeds United
5,2022-08-30,20:00,Premier League,Matchweek 5,Tue,Home,D,1.0,1.0,Everton,1.5,0.9,68.0,36338.0,Rodrigo,4-2-3-1,Darren England,Match Report,,15.0,5.0,15.4,-0.5,0,1.5,575.0,242.0,255.0,63.0,12.0,48.0,14.0,59.0,37.0,30.0,68.2,3,0,10.0,12.0,2.0,15.0,120.0,15.0,145.0,52.0,10.0,19.0,0.0,Leeds United
6,2022-09-03,15:00,Premier League,Matchweek 6,Sat,Away,L,2.0,5.0,Brentford,2.0,2.4,67.0,17092.0,Robin Koch,4-2-3-1,Robert Jones,Match Report,,17.0,6.0,19.9,0.0,0,2.0,417.0,198.0,155.0,44.0,12.0,38.0,10.0,42.0,52.0,30.0,86.7,2,0,12.0,12.0,1.0,13.0,95.0,13.0,149.0,73.0,11.0,14.0,2.0,Leeds United
7,2022-10-02,16:30,Premier League,Matchweek 9,Sun,Home,D,0.0,0.0,Aston Villa,0.3,1.5,44.0,36582.0,Liam Cooper,4-2-3-1,Stuart Attwell,Match Report,,6.0,1.0,16.3,-0.3,0,0.3,288.0,120.0,126.0,37.0,5.0,15.0,6.0,26.0,76.0,18.0,50.0,5,1,24.0,13.0,0.0,12.0,98.0,12.0,141.0,46.0,9.0,29.0,0.0,Leeds United
8,2022-10-09,14:00,Premier League,Matchweek 10,Sun,Away,L,1.0,2.0,Crystal Palace,0.9,0.9,45.0,25042.0,Liam Cooper,4-2-3-1,Paul Tierney,Match Report,,10.0,4.0,18.9,0.1,0,0.9,261.0,137.0,90.0,30.0,6.0,20.0,10.0,27.0,49.0,21.0,66.7,3,0,24.0,18.0,2.0,19.0,96.0,19.0,169.0,51.0,12.0,16.0,0.0,Leeds United
9,2022-10-16,14:00,Premier League,Matchweek 11,Sun,Home,L,0.0,1.0,Arsenal,2.2,0.5,47.0,36700.0,Liam Cooper,4-2-3-1,Chris Kavanagh,Match Report,,15.0,4.0,17.6,-2.2,0,2.2,362.0,164.0,141.0,35.0,10.0,24.0,7.0,24.0,43.0,25.0,66.7,0,0,11.0,11.0,4.0,16.0,92.0,16.0,230.0,63.0,15.0,6.0,0.0,Leeds United
0,2022-08-05,20:00,Premier League,Matchweek 1,Fri,Home,L,0.0,2.0,Arsenal,0.9,1.0,57.0,25286.0,Marc Guéhi,4-2-3-1,Anthony Taylor,Match Report,,10.0,2.0,14.0,-0.9,0,0.9,508.0,165.0,245.0,93.0,7.0,34.0,7.0,31.0,83.0,31.0,47.8,1,0,19.0,11.0,1.0,12.0,96.0,12.0,190.0,41.0,14.0,17.0,0.0,Crystal Palace
1,2022-08-15,20:00,Premier League,Matchweek 2,Mon,Away,D,1.0,1.0,Liverpool,1.5,1.7,28.0,52970.0,Joel Ward,3-4-3,Paul Tierney,Match Report,,7.0,3.0,15.0,-0.5,0,1.5,211.0,94.0,74.0,39.0,6.0,11.0,2.0,16.0,110.0,12.0,64.3,4,0,9.0,9.0,2.0,10.0,88.0,10.0,158.0,33.0,14.0,29.0,0.0,Crystal Palace
2,2022-08-20,15:00,Premier League,Matchweek 3,Sat,Home,W,3.0,1.0,Aston Villa,3.1,1.2,52.0,22012.0,Joel Ward,4-3-3,Andy Madley,Match Report,,16.0,8.0,15.1,-0.1,0,3.1,403.0,179.0,160.0,57.0,13.0,34.0,7.0,23.0,58.0,31.0,57.9,2,0,18.0,17.0,1.0,11.0,78.0,11.0,144.0,47.0,13.0,14.0,0.0,Crystal Palace
4,2022-08-27,15:00,Premier League,Matchweek 4,Sat,Away,L,2.0,4.0,Manchester City,0.1,2.5,25.0,53112.0,Joel Ward,3-4-3,Darren England,Match Report,,2.0,2.0,18.5,0.9,0,0.1,208.0,77.0,92.0,36.0,2.0,9.0,1.0,8.0,102.0,3.0,50.0,2,0,12.0,14.0,1.0,7.0,43.0,7.0,130.0,16.0,12.0,28.0,0.0,Crystal Palace
5,2022-08-30,19:30,Premier League,Matchweek 5,Tue,Home,D,1.0,1.0,Brentford,1.0,1.3,50.0,25043.0,Joel Ward,4-1-4-1,Simon Hooper,Match Report,,13.0,4.0,18.3,0.0,0,1.0,412.0,133.0,197.0,78.0,9.0,25.0,6.0,34.0,81.0,20.0,60.0,1,0,12.0,10.0,1.0,13.0,81.0,13.0,132.0,50.0,17.0,30.0,0.0,Crystal Palace
6,2022-09-03,15:00,Premier League,Matchweek 6,Sat,Away,D,0.0,0.0,Newcastle Utd,1.1,2.7,48.0,51863.0,Joel Ward,4-3-3,Michael Salisbury,Match Report,,19.0,9.0,19.1,-1.1,0,1.1,305.0,111.0,144.0,44.0,10.0,19.0,5.0,21.0,105.0,22.0,50.0,1,0,16.0,20.0,1.0,16.0,82.0,16.0,141.0,43.0,11.0,42.0,0.0,Crystal Palace
7,2022-10-01,15:00,Premier League,Matchweek 9,Sat,Home,L,1.0,2.0,Chelsea,0.7,1.4,36.0,25198.0,Joel Ward,4-3-3,Chris Kavanagh,Match Report,,7.0,3.0,19.2,0.3,0,0.7,289.0,123.0,127.0,32.0,7.0,11.0,2.0,14.0,58.0,20.0,52.6,1,0,13.0,19.0,1.0,14.0,67.0,14.0,136.0,37.0,12.0,16.0,0.0,Crystal Palace
8,2022-10-09,14:00,Premier League,Matchweek 10,Sun,Home,W,2.0,1.0,Leeds United,0.9,0.9,55.0,25042.0,Joel Ward,4-3-3,Paul Tierney,Match Report,,13.0,5.0,18.8,1.1,0,0.9,355.0,122.0,155.0,73.0,11.0,18.0,4.0,28.0,85.0,16.0,52.9,3,0,18.0,24.0,2.0,9.0,104.0,9.0,120.0,44.0,18.0,22.0,1.0,Crystal Palace
9,2022-10-15,12:30,Premier League,Matchweek 11,Sat,Away,D,0.0,0.0,Leicester City,0.3,0.9,46.0,31298.0,Joel Ward,4-3-3,Andy Madley,Match Report,,8.0,1.0,20.0,-0.3,0,0.3,437.0,155.0,221.0,56.0,5.0,28.0,4.0,22.0,100.0,14.0,75.0,2,0,15.0,18.0,1.0,9.0,90.0,9.0,108.0,28.0,10.0,25.0,0.0,Crystal Palace
10,2022-10-18,20:15,Premier League,Matchweek 12,Tue,Home,W,2.0,1.0,Wolves,1.2,0.6,52.0,25125.0,Joel Ward,4-3-3,David Coote,Match Report,,14.0,4.0,16.1,0.8,0,1.2,392.0,132.0,184.0,72.0,12.0,30.0,12.0,41.0,61.0,32.0,60.0,3,0,17.0,21.0,0.0,16.0,105.0,16.0,157.0,46.0,10.0,19.0,0.0,Crystal Palace
0,2022-08-06,15:00,Premier League,Matchweek 1,Sat,Away,L,0.0,2.0,Bournemouth,0.6,0.5,66.0,11013.0,John McGinn,4-3-3,Peter Bankes,Match Report,,15.0,2.0,22.4,-0.6,0,0.6,516.0,225.0,210.0,69.0,8.0,45.0,12.0,39.0,42.0,22.0,52.6,3,0,18.0,20.0,4.0,8.0,101.0,8.0,137.0,56.0,13.0,12.0,0.0,Aston Villa
1,2022-08-13,12:30,Premier League,Matchweek 2,Sat,Home,W,2.0,1.0,Everton,1.7,1.4,58.0,41883.0,John McGinn,4-4-2◆,Michael Oliver,Match Report,,12.0,3.0,13.6,0.3,0,1.7,459.0,193.0,197.0,56.0,9.0,41.0,11.0,38.0,57.0,29.0,26.7,4,0,12.0,7.0,2.0,12.0,76.0,12.0,102.0,40.0,13.0,22.0,0.0,Aston Villa
2,2022-08-20,15:00,Premier League,Matchweek 3,Sat,Away,L,1.0,3.0,Crystal Palace,1.2,3.1,48.0,22012.0,John McGinn,4-3-3,Andy Madley,Match Report,,13.0,5.0,16.0,-0.2,0,1.2,364.0,141.0,163.0,52.0,10.0,27.0,9.0,26.0,87.0,20.0,37.5,1,0,18.0,18.0,1.0,17.0,87.0,17.0,169.0,45.0,5.0,14.0,0.0,Aston Villa
4,2022-08-28,14:00,Premier League,Matchweek 4,Sun,Home,L,0.0,1.0,West Ham,0.6,0.4,58.0,41796.0,John McGinn,4-4-2◆,David Coote,Match Report,,9.0,3.0,19.4,-0.6,0,0.6,528.0,200.0,252.0,66.0,8.0,29.0,7.0,37.0,71.0,16.0,55.6,2,0,13.0,13.0,2.0,10.0,97.0,10.0,118.0,49.0,17.0,12.0,0.0,Aston Villa
5,2022-08-31,19:30,Premier League,Matchweek 5,Wed,Away,L,1.0,2.0,Arsenal,0.2,2.7,41.0,60012.0,John McGinn,4-3-3,Robert Jones,Match Report,,4.0,3.0,20.7,0.8,0,0.2,283.0,130.0,112.0,33.0,3.0,24.0,4.0,17.0,88.0,10.0,87.5,3,0,19.0,12.0,1.0,14.0,62.0,14.0,114.0,29.0,7.0,27.0,1.0,Aston Villa
6,2022-09-03,17:30,Premier League,Matchweek 6,Sat,Home,D,1.0,1.0,Manchester City,0.2,1.4,29.0,41830.0,John McGinn,4-3-2-1,Simon Hooper,Match Report,,3.0,1.0,15.5,0.8,0,0.2,216.0,85.0,91.0,36.0,2.0,10.0,1.0,17.0,101.0,11.0,0.0,2,0,10.0,6.0,5.0,10.0,73.0,10.0,156.0,40.0,15.0,10.0,0.0,Aston Villa
7,2022-09-16,20:00,Premier League,Matchweek 8,Fri,Home,W,1.0,0.0,Southampton,0.8,0.4,52.0,40758.0,John McGinn,4-3-2-1,Tony Harrington,Match Report,,11.0,3.0,20.3,0.2,0,0.8,334.0,144.0,131.0,52.0,7.0,28.0,6.0,27.0,61.0,18.0,37.5,3,0,15.0,14.0,1.0,17.0,118.0,17.0,149.0,58.0,4.0,21.0,0.0,Aston Villa
8,2022-10-02,16:30,Premier League,Matchweek 9,Sun,Away,D,0.0,0.0,Leeds United,1.5,0.3,56.0,36582.0,John McGinn,4-3-3,Stuart Attwell,Match Report,,18.0,6.0,17.7,-1.5,0,1.5,377.0,159.0,146.0,66.0,13.0,28.0,14.0,42.0,48.0,30.0,75.0,2,0,13.0,25.0,2.0,11.0,120.0,11.0,107.0,35.0,10.0,11.0,0.0,Aston Villa
9,2022-10-10,20:00,Premier League,Matchweek 10,Mon,Away,D,1.0,1.0,Nott'ham Forest,0.5,0.3,60.0,29208.0,John McGinn,4-3-2-1,Anthony Taylor,Match Report,,12.0,2.0,20.5,0.5,0,0.5,459.0,155.0,229.0,72.0,7.0,44.0,11.0,42.0,44.0,33.0,62.5,3,0,21.0,16.0,3.0,12.0,73.0,12.0,117.0,30.0,14.0,11.0,0.0,Aston Villa
10,2022-10-16,14:00,Premier League,Matchweek 11,Sun,Home,L,0.0,2.0,Chelsea,1.7,1.0,41.0,41754.0,John McGinn,4-3-3,Robert Jones,Match Report,,18.0,7.0,14.9,-1.7,0,1.7,315.0,109.0,146.0,58.0,11.0,19.0,9.0,27.0,51.0,23.0,66.7,0,0,16.0,16.0,3.0,17.0,75.0,17.0,123.0,35.0,19.0,9.0,1.0,Aston Villa
0,2022-08-06,15:00,Premier League,Matchweek 1,Sat,Away,L,1.0,4.0,Tottenham,0.5,1.5,42.0,61732.0,James Ward-Prowse,3-5-2,Andre Marriner,Match Report,,10.0,2.0,16.4,0.5,0,0.5,343.0,162.0,140.0,34.0,6.0,35.0,10.0,24.0,69.0,27.0,52.9,0,0,10.0,12.0,0.0,8.0,85.0,8.0,129.0,48.0,20.0,24.0,0.0,Southampton
1,2022-08-13,15:00,Premier League,Matchweek 2,Sat,Home,D,2.0,2.0,Leeds United,1.0,2.1,43.0,30815.0,James Ward-Prowse,3-4-3,Tony Harrington,Match Report,,14.0,4.0,17.2,1.0,0,1.0,260.0,95.0,113.0,41.0,8.0,23.0,8.0,24.0,48.0,18.0,62.5,1,0,11.0,12.0,1.0,13.0,108.0,13.0,134.0,46.0,16.0,18.0,0.0,Southampton
2,2022-08-20,15:00,Premier League,Matchweek 3,Sat,Away,W,2.0,1.0,Leicester City,0.7,0.3,38.0,30850.0,James Ward-Prowse,4-2-3-1,Michael Salisbury,Match Report,,9.0,3.0,14.6,1.3,0,0.7,254.0,84.0,126.0,40.0,8.0,28.0,6.0,20.0,53.0,22.0,61.5,3,0,16.0,12.0,1.0,17.0,101.0,17.0,94.0,39.0,13.0,24.0,0.0,Southampton
4,2022-08-27,12:30,Premier League,Matchweek 4,Sat,Home,L,0.0,1.0,Manchester Utd,1.6,1.1,49.0,31196.0,James Ward-Prowse,4-2-3-1,Andy Madley,Match Report,,18.0,5.0,13.4,-1.6,0,1.6,302.0,110.0,134.0,50.0,16.0,29.0,16.0,33.0,45.0,47.0,61.9,0,0,5.0,16.0,1.0,10.0,94.0,10.0,137.0,59.0,21.0,17.0,0.0,Southampton
5,2022-08-30,19:45,Premier League,Matchweek 5,Tue,Home,W,2.0,1.0,Chelsea,0.8,1.2,34.0,31542.0,James Ward-Prowse,4-2-3-1,Michael Oliver,Match Report,,9.0,5.0,16.1,1.2,0,0.8,180.0,86.0,60.0,28.0,7.0,14.0,4.0,14.0,67.0,20.0,38.9,2,0,19.0,9.0,0.0,13.0,101.0,13.0,141.0,45.0,17.0,32.0,0.0,Southampton
6,2022-09-03,15:00,Premier League,Matchweek 6,Sat,Away,L,0.0,1.0,Wolves,1.0,0.7,50.0,30546.0,James Ward-Prowse,4-2-3-1,John Brooks,Match Report,,12.0,1.0,15.8,-1.0,0,1.0,336.0,136.0,151.0,49.0,9.0,38.0,12.0,34.0,56.0,39.0,68.8,2,0,14.0,12.0,0.0,14.0,96.0,14.0,134.0,40.0,15.0,19.0,0.0,Southampton
7,2022-09-16,20:00,Premier League,Matchweek 8,Fri,Away,L,0.0,1.0,Aston Villa,0.4,0.8,48.0,40758.0,James Ward-Prowse,4-2-3-1,Tony Harrington,Match Report,,7.0,0.0,18.3,-0.4,0,0.4,321.0,123.0,149.0,34.0,3.0,11.0,0.0,12.0,75.0,12.0,48.0,1,0,14.0,15.0,0.0,19.0,107.0,19.0,177.0,63.0,16.0,36.0,0.0,Southampton
8,2022-10-01,15:00,Premier League,Matchweek 9,Sat,Home,L,1.0,2.0,Everton,2.3,1.7,55.0,30510.0,James Ward-Prowse,4-4-2,Andre Marriner,Match Report,,22.0,7.0,15.6,-1.3,0,2.3,402.0,147.0,175.0,63.0,16.0,20.0,14.0,45.0,55.0,44.0,36.0,2,0,13.0,15.0,0.0,9.0,93.0,9.0,132.0,34.0,5.0,23.0,0.0,Southampton
9,2022-10-08,15:00,Premier League,Matchweek 10,Sat,Away,L,0.0,4.0,Manchester City,0.1,2.4,35.0,53365.0,James Ward-Prowse,4-4-2,Andy Madley,Match Report,,5.0,0.0,26.4,-0.1,0,0.1,321.0,133.0,141.0,43.0,2.0,17.0,1.0,15.0,111.0,2.0,36.4,1,0,10.0,4.0,1.0,14.0,82.0,14.0,159.0,35.0,6.0,20.0,0.0,Southampton
10,2022-10-16,14:00,Premier League,Matchweek 11,Sun,Home,D,1.0,1.0,West Ham,0.7,1.5,40.0,29159.0,James Ward-Prowse,4-3-3,Peter Bankes,Match Report,,10.0,7.0,18.6,0.3,0,0.7,252.0,117.0,93.0,40.0,8.0,14.0,3.0,17.0,83.0,14.0,46.2,1,0,7.0,4.0,1.0,9.0,90.0,9.0,98.0,31.0,19.0,30.0,0.0,Southampton
11,2022-10-19,19:30,Premier League,Matchweek 12,Wed,Away,W,1.0,0.0,Bournemouth,0.8,1.0,46.0,10405.0,James Ward-Prowse,4-4-2,John Brooks,Match Report,,9.0,3.0,12.8,0.2,0,0.8,387.0,181.0,154.0,49.0,7.0,24.0,5.0,17.0,85.0,16.0,53.8,3,0,15.0,8.0,0.0,17.0,83.0,17.0,146.0,40.0,12.0,31.0,1.0,Southampton
0,2022-08-06,15:00,Premier League,Matchweek 1,Sat,Away,L,1.0,2.0,Leeds United,1.3,0.6,61.0,36347.0,Rúben Neves,4-2-3-1,Robert Jones,Match Report,,15.0,6.0,18.4,-0.3,0,1.3,509.0,195.0,211.0,84.0,13.0,38.0,11.0,34.0,97.0,27.0,56.8,0,0,16.0,17.0,1.0,8.0,86.0,8.0,96.0,28.0,17.0,15.0,0.0,Wolverhampton Wanderers
1,2022-08-13,15:00,Premier League,Matchweek 2,Sat,Home,D,0.0,0.0,Fulham,0.7,1.2,59.0,31178.0,Rúben Neves,4-2-3-1,John Brooks,Match Report,,7.0,1.0,19.0,-0.7,0,0.7,425.0,146.0,207.0,60.0,2.0,32.0,2.0,22.0,72.0,13.0,18.8,3,0,7.0,17.0,1.0,10.0,103.0,10.0,90.0,41.0,14.0,18.0,0.0,Wolverhampton Wanderers
2,2022-08-20,12:30,Premier League,Matchweek 3,Sat,Away,L,0.0,1.0,Tottenham,0.8,1.5,49.0,61298.0,Rúben Neves,3-5-2,Simon Hooper,Match Report,,20.0,3.0,20.6,-0.8,0,0.8,412.0,166.0,179.0,65.0,17.0,34.0,9.0,27.0,75.0,21.0,54.5,2,0,9.0,10.0,0.0,7.0,74.0,7.0,120.0,31.0,13.0,21.0,0.0,Wolverhampton Wanderers
4,2022-08-28,14:00,Premier League,Matchweek 4,Sun,Home,D,1.0,1.0,Newcastle Utd,0.8,2.0,38.0,31311.0,Rúben Neves,4-1-4-1,Peter Bankes,Match Report,,10.0,4.0,19.2,0.2,0,0.8,219.0,82.0,79.0,49.0,7.0,26.0,9.0,23.0,95.0,16.0,30.0,2,0,10.0,12.0,3.0,13.0,72.0,13.0,128.0,37.0,16.0,40.0,1.0,Wolverhampton Wanderers
5,2022-08-31,19:30,Premier League,Matchweek 5,Wed,Away,D,0.0,0.0,Bournemouth,1.5,0.5,65.0,10113.0,Rúben Neves,4-3-3,Anthony Taylor,Match Report,,17.0,3.0,17.4,-1.5,0,1.5,570.0,193.0,271.0,101.0,14.0,65.0,18.0,59.0,51.0,30.0,40.0,1,0,13.0,10.0,3.0,13.0,86.0,13.0,108.0,42.0,11.0,17.0,0.0,Wolverhampton Wanderers
6,2022-09-03,15:00,Premier League,Matchweek 6,Sat,Home,W,1.0,0.0,Southampton,0.7,1.0,50.0,30546.0,Rúben Neves,4-2-3-1,John Brooks,Match Report,,7.0,2.0,13.2,0.3,0,0.7,365.0,147.0,143.0,73.0,7.0,33.0,9.0,36.0,82.0,27.0,55.6,4,0,12.0,13.0,1.0,8.0,81.0,8.0,111.0,36.0,14.0,37.0,0.0,Wolverhampton Wanderers
7,2022-09-17,12:30,Premier League,Matchweek 8,Sat,Home,L,0.0,3.0,Manchester City,0.5,1.4,41.0,31578.0,Rúben Neves,4-3-3,Anthony Taylor,Match Report,,6.0,1.0,19.3,-0.5,0,0.5,380.0,125.0,189.0,65.0,4.0,20.0,5.0,21.0,115.0,15.0,54.5,2,1,12.0,14.0,0.0,8.0,58.0,8.0,124.0,40.0,11.0,8.0,0.0,Wolverhampton Wanderers
8,2022-10-01,17:30,Premier League,Matchweek 9,Sat,Away,L,0.0,2.0,West Ham,0.7,1.0,61.0,62444.0,Rúben Neves,3-4-3,Paul Tierney,Match Report,,15.0,4.0,20.4,-0.7,0,0.7,508.0,215.0,229.0,55.0,10.0,44.0,11.0,50.0,62.0,35.0,61.5,2,0,7.0,12.0,1.0,8.0,91.0,8.0,123.0,31.0,9.0,13.0,1.0,Wolverhampton Wanderers
9,2022-10-08,15:00,Premier League,Matchweek 10,Sat,Away,L,0.0,3.0,Chelsea,1.0,2.1,43.0,39940.0,João Moutinho,4-2-3-1,Simon Hooper,Match Report,,8.0,2.0,12.9,-1.0,0,1.0,390.0,155.0,168.0,57.0,6.0,23.0,7.0,27.0,104.0,19.0,50.0,0,0,11.0,12.0,0.0,5.0,66.0,5.0,143.0,36.0,4.0,16.0,0.0,Wolverhampton Wanderers
10,2022-10-15,15:00,Premier League,Matchweek 11,Sat,Home,W,1.0,0.0,Nott'ham Forest,1.2,1.2,58.0,31554.0,Rúben Neves,4-2-3-1,Thomas Bramall,Match Report,,8.0,1.0,17.6,-0.2,1,1.2,375.0,149.0,181.0,43.0,6.0,28.0,10.0,44.0,65.0,24.0,47.1,2,0,17.0,11.0,2.0,5.0,90.0,5.0,113.0,31.0,8.0,25.0,0.0,Wolverhampton Wanderers
11,2022-10-18,20:15,Premier League,Matchweek 12,Tue,Away,L,1.0,2.0,Crystal Palace,0.6,1.2,48.0,25125.0,Rúben Neves,4-2-3-1,David Coote,Match Report,,10.0,4.0,15.6,0.4,0,0.6,358.0,139.0,150.0,69.0,7.0,18.0,6.0,30.0,80.0,19.0,66.7,1,0,21.0,16.0,4.0,21.0,97.0,21.0,133.0,50.0,10.0,14.0,0.0,Wolverhampton Wanderers
0,2022-08-06,15:00,Premier League,Matchweek 1,Sat,Away,L,0.0,2.0,Newcastle Utd,0.4,2.0,40.0,52245.0,Joe Worrall,3-4-1-2,Simon Hooper,Match Report,,5.0,0.0,15.3,-0.4,0,0.4,246.0,96.0,108.0,37.0,3.0,14.0,4.0,13.0,108.0,10.0,26.7,3,0,16.0,11.0,0.0,12.0,77.0,12.0,129.0,31.0,17.0,33.0,0.0,Nottingham Forest
1,2022-08-14,14:00,Premier League,Matchweek 2,Sun,Home,W,1.0,0.0,West Ham,1.4,2.1,42.0,29281.0,Joe Worrall,3-4-1-2,Robert Jones,Match Report,,13.0,6.0,13.5,-0.4,0,1.4,204.0,77.0,83.0,41.0,7.0,15.0,7.0,18.0,80.0,24.0,83.3,4,0,12.0,9.0,3.0,8.0,100.0,8.0,80.0,21.0,7.0,29.0,0.0,Nottingham Forest
2,2022-08-20,15:00,Premier League,Matchweek 3,Sat,Away,D,1.0,1.0,Everton,1.0,1.8,52.0,39271.0,Joe Worrall,3-4-1-2,Andre Marriner,Match Report,,14.0,5.0,18.7,0.0,0,1.0,355.0,117.0,184.0,50.0,7.0,21.0,6.0,21.0,99.0,18.0,61.5,2,0,11.0,5.0,1.0,14.0,102.0,14.0,121.0,34.0,7.0,35.0,1.0,Nottingham Forest
4,2022-08-28,16:30,Premier League,Matchweek 4,Sun,Home,L,0.0,2.0,Tottenham,1.0,2.7,55.0,29296.0,Joe Worrall,3-4-3,Craig Pawson,Match Report,,18.0,1.0,18.8,-1.0,0,1.0,487.0,182.0,222.0,77.0,11.0,42.0,13.0,43.0,51.0,41.0,35.7,6,0,12.0,13.0,1.0,11.0,91.0,11.0,115.0,23.0,10.0,17.0,0.0,Nottingham Forest
5,2022-08-31,19:30,Premier League,Matchweek 5,Wed,Away,L,0.0,6.0,Manchester City,0.4,3.7,26.0,53409.0,Joe Worrall,3-5-2,Paul Tierney,Match Report,,8.0,1.0,18.9,-0.4,0,0.4,214.0,70.0,100.0,41.0,6.0,9.0,6.0,14.0,84.0,9.0,60.0,1,0,8.0,9.0,2.0,8.0,47.0,8.0,148.0,25.0,19.0,20.0,0.0,Nottingham Forest
6,2022-09-03,15:00,Premier League,Matchweek 6,Sat,Home,L,2.0,3.0,Bournemouth,1.3,0.9,51.0,28720.0,Joe Worrall,3-4-3,Michael Oliver,Match Report,,10.0,2.0,16.9,0.7,1,1.3,412.0,130.0,208.0,70.0,8.0,33.0,7.0,26.0,69.0,23.0,72.7,2,0,15.0,14.0,1.0,7.0,87.0,7.0,139.0,40.0,10.0,24.0,1.0,Nottingham Forest
7,2022-09-16,20:00,Premier League,Matchweek 8,Fri,Home,L,2.0,3.0,Fulham,1.4,1.2,41.0,28654.0,Ryan Yates,3-4-1-2,Jarred Gillett,Match Report,,11.0,3.0,15.8,0.6,0,1.4,306.0,94.0,141.0,63.0,6.0,18.0,4.0,13.0,87.0,12.0,50.0,2,0,11.0,10.0,2.0,9.0,87.0,9.0,135.0,36.0,10.0,25.0,0.0,Nottingham Forest
8,2022-10-03,20:00,Premier League,Matchweek 9,Mon,Away,L,0.0,4.0,Leicester City,1.2,1.1,48.0,32202.0,Steve Cook,4-2-3-1,Robert Jones,Match Report,,10.0,3.0,15.0,-1.2,0,1.2,373.0,142.0,170.0,59.0,8.0,20.0,6.0,20.0,88.0,14.0,40.0,4,0,16.0,14.0,4.0,12.0,75.0,12.0,107.0,37.0,21.0,20.0,1.0,Nottingham Forest
9,2022-10-10,20:00,Premier League,Matchweek 10,Mon,Home,D,1.0,1.0,Aston Villa,0.3,0.5,40.0,29208.0,Ryan Yates,4-3-3,Anthony Taylor,Match Report,,6.0,3.0,18.2,0.7,0,0.3,264.0,92.0,109.0,60.0,5.0,22.0,3.0,18.0,70.0,10.0,35.3,3,0,17.0,21.0,0.0,16.0,74.0,16.0,100.0,42.0,12.0,22.0,0.0,Nottingham Forest
10,2022-10-15,15:00,Premier League,Matchweek 11,Sat,Away,L,0.0,1.0,Wolves,1.2,1.2,42.0,31554.0,Ryan Yates,4-3-3,Thomas Bramall,Match Report,,9.0,1.0,19.1,-1.2,0,1.2,238.0,82.0,107.0,40.0,5.0,12.0,2.0,15.0,59.0,14.0,90.0,2,0,13.0,15.0,1.0,12.0,82.0,12.0,130.0,43.0,10.0,26.0,0.0,Nottingham Forest
11,2022-10-18,19:30,Premier League,Matchweek 12,Tue,Away,D,0.0,0.0,Brighton,0.2,1.7,30.0,31463.0,Ryan Yates,4-3-3,Darren England,Match Report,,3.0,0.0,10.9,-0.2,0,0.2,198.0,92.0,73.0,26.0,3.0,14.0,3.0,9.0,101.0,7.0,40.0,1,0,18.0,10.0,0.0,10.0,66.0,10.0,147.0,40.0,19.0,22.0,0.0,Nottingham Forest
0,2022-08-07,14:00,Premier League,Matchweek 1,Sun,Home,D,2,2,Brentford,0.6,0.4,56.0,31794.0,Jonny Evans,3-5-1-1,Jarred Gillett,Match Report,,14.0,5.0,22.2,1.4,0,0.6,529.0,269.0,209.0,42.0,10.0,53.0,6.0,31.0,50.0,15.0,42.9,0,0,6.0,9.0,2.0,8.0,70.0,8.0,98.0,37.0,9.0,21.0,0.0,Leicester City
1,2022-08-13,15:00,Premier League,Matchweek 2,Sat,Away,L,2,4,Arsenal,0.6,2.6,49.0,60033.0,Jonny Evans,3-5-1-1,Darren England,Match Report,,6.0,2.0,15.3,0.4,0,0.6,385.0,172.0,156.0,52.0,4.0,30.0,5.0,22.0,64.0,13.0,57.1,1,0,10.0,16.0,3.0,7.0,72.0,7.0,128.0,30.0,9.0,15.0,2.0,Leicester City
2,2022-08-20,15:00,Premier League,Matchweek 3,Sat,Home,L,1,2,Southampton,0.3,0.7,62.0,30850.0,Jonny Evans,4-1-4-1,Michael Salisbury,Match Report,,6.0,1.0,17.1,0.7,0,0.3,502.0,233.0,202.0,63.0,3.0,47.0,7.0,44.0,69.0,18.0,64.7,2,0,12.0,16.0,0.0,6.0,91.0,6.0,113.0,33.0,9.0,24.0,0.0,Leicester City
4,2022-08-27,15:00,Premier League,Matchweek 4,Sat,Away,L,1,2,Chelsea,1.7,1.9,54.0,39953.0,Jonny Evans,4-2-3-1,Paul Tierney,Match Report,,17.0,5.0,17.5,-0.7,0,1.7,465.0,183.0,215.0,64.0,15.0,44.0,12.0,41.0,42.0,30.0,33.3,2,0,8.0,10.0,1.0,14.0,87.0,14.0,100.0,31.0,10.0,33.0,0.0,Leicester City
5,2022-09-01,20:00,Premier League,Matchweek 5,Thu,Home,L,0,1,Manchester Utd,0.6,1.1,53.0,32226.0,Jonny Evans,4-1-4-1,Craig Pawson,Match Report,,10.0,2.0,22.6,-0.6,0,0.6,518.0,220.0,238.0,53.0,6.0,34.0,5.0,36.0,91.0,12.0,50.0,1,0,7.0,15.0,0.0,7.0,101.0,7.0,129.0,40.0,20.0,14.0,0.0,Leicester City
6,2022-09-04,14:00,Premier League,Matchweek 6,Sun,Away,L,2,5,Brighton,1.7,2.4,46.0,31185.0,Jonny Evans,4-4-2,Tony Harrington,Match Report,,6.0,4.0,14.3,0.3,0,1.7,379.0,159.0,177.0,39.0,5.0,19.0,6.0,22.0,94.0,11.0,25.0,1,0,9.0,9.0,3.0,7.0,64.0,7.0,137.0,32.0,16.0,25.0,1.0,Leicester City
7,2022-09-17,17:30,Premier League,Matchweek 8,Sat,Away,L,2,6,Tottenham,1.7,1.7,56.0,61450.0,Jonny Evans,4-3-3,Simon Hooper,Match Report,,18.0,6.0,21.6,0.3,1,1.7,537.0,212.0,256.0,63.0,14.0,52.0,8.0,31.0,55.0,23.0,66.7,2,0,9.0,9.0,0.0,12.0,84.0,12.0,124.0,39.0,17.0,18.0,0.0,Leicester City
8,2022-10-03,20:00,Premier League,Matchweek 9,Mon,Home,W,4,0,Nott'ham Forest,1.1,1.2,52.0,32202.0,Jonny Evans,4-1-4-1,Robert Jones,Match Report,,16.0,6.0,16.8,2.9,0,1.1,426.0,181.0,199.0,37.0,11.0,36.0,5.0,29.0,68.0,27.0,25.0,2,0,16.0,15.0,3.0,9.0,77.0,9.0,162.0,52.0,19.0,21.0,0.0,Leicester City
9,2022-10-08,15:00,Premier League,Matchweek 10,Sat,Away,L,1,2,Bournemouth,1.2,1.1,54.0,10272.0,Jonny Evans,4-1-4-1,Michael Salisbury,Match Report,,9.0,5.0,13.3,-0.2,0,1.2,481.0,179.0,238.0,59.0,5.0,36.0,8.0,30.0,77.0,26.0,50.0,2,0,18.0,10.0,0.0,14.0,80.0,14.0,169.0,42.0,11.0,22.0,0.0,Leicester City
10,2022-10-15,12:30,Premier League,Matchweek 11,Sat,Home,D,0,0,Crystal Palace,0.9,0.3,54.0,31298.0,Youri Tielemans,4-2-3-1,Andy Madley,Match Report,,14.0,6.0,19.0,-0.9,0,0.9,511.0,237.0,225.0,45.0,9.0,37.0,9.0,39.0,60.0,29.0,55.6,2,0,18.0,14.0,2.0,11.0,93.0,11.0,138.0,43.0,8.0,20.0,0.0,Leicester City
